Language	Concept	Cognateset
Danish	ANT	ANT.272
Dutch	ANT	ANT.272
Elfdalian	ANT	ANT.272
English	ANT	ANT.1617
Frisian	ANT	ANT.1617
German	ANT	ANT.1617
Hindi	ANT	ANT.2354
Russian	ANT	ANT.272
Spanish	ANT	ANT.272
Swedish	ANT	ANT.272
Danish	ASH	ASH.285
Dutch	ASH	ASH.285
Elfdalian	ASH	ASH.285
English	ASH	ASH.285
Frisian	ASH	ASH.285
German	ASH	ASH.285
Hindi	ASH	ASH.2355
Russian	ASH	ASH.3869
Spanish	ASH	ASH.1
Swedish	ASH	ASH.4161
Danish	BACK	BACK.1413
Dutch	BACK	BACK.1413
Elfdalian	BACK	BACK.1413
English	BACK	BACK.1618
Frisian	BACK	BACK.1413
German	BACK	BACK.1413
Hindi	BACK	BACK.598
Russian	BACK	BACK.904
Spanish	BACK	BACK.3541
Swedish	BACK	BACK.1413
Danish	BAD	BAD.1414
Dutch	BAD	BAD.1533
Elfdalian	BAD	BAD.1414
English	BAD	BAD.1619
Frisian	BAD	BAD.1734
German	BAD	BAD.1533
Hindi	BAD	BAD.989
Russian	BAD	BAD.3870
Spanish	BAD	BAD.274
Swedish	BAD	BAD.1612
Danish	BARK	BARK.1415
Dutch	BARK	BARK.1534
Elfdalian	BARK	BARK.1415
English	BARK	BARK.1620
Frisian	BARK	BARK.1698
German	BARK	BARK.2041
Hindi	BARK	BARK.2356
Russian	BARK	BARK.492
Spanish	BARK	BARK.275
Swedish	BARK	BARK.4162
Danish	BELLY	BELLY.1416
Dutch	BELLY	BELLY.1142
Elfdalian	BELLY	BELLY.1416
English	BELLY	BELLY.1142
Frisian	BELLY	BELLY.1142
German	BELLY	BELLY.1142
Hindi	BELLY	BELLY.990
Russian	BELLY	BELLY.343
Spanish	BELLY	BELLY.276
Swedish	BELLY	BELLY.1142
Danish	BIG	BIG.69
Dutch	BIG	BIG.1535
Elfdalian	BIG	BIG.69
English	BIG	BIG.1621
Frisian	BIG	BIG.1535
German	BIG	BIG.1535
Hindi	BIG	BIG.991
Russian	BIG	BIG.3871
Spanish	BIG	BIG.277
Swedish	BIG	BIG.69
Danish	BIRD	BIRD.1417
Dutch	BIRD	BIRD.1417
Elfdalian	BIRD	BIRD.1417
English	BIRD	BIRD.1622
Frisian	BIRD	BIRD.1417
German	BIRD	BIRD.1417
Hindi	BIRD	BIRD.2357
Russian	BIRD	BIRD.906
Spanish	BIRD	BIRD.308
Swedish	BIRD	BIRD.1417
Danish	BITE	BITE.1418
Dutch	BITE	BITE.1418
Elfdalian	BITE	BITE.1418
English	BITE	BITE.1418
Frisian	BITE	BITE.1418
German	BITE	BITE.1418
Hindi	BITE	BITE.275
Russian	BITE	BITE.3872
Spanish	BITE	BITE.279
Swedish	BITE	BITE.1418
Danish	BITTER	BITTER.1419
Dutch	BITTER	BITTER.1418
Elfdalian	BITTER	BITTER.1418
English	BITTER	BITTER.1418
Frisian	BITTER	BITTER.1418
German	BITTER	BITTER.1418
Hindi	BITTER	BITTER.2358
Russian	BITTER	BITTER.45
Spanish	BITTER	BITTER.280
Swedish	BITTER	BITTER.1418
Danish	BLACK	BLACK.1420
Dutch	BLACK	BLACK.1420
Elfdalian	BLACK	BLACK.1420
English	BLACK	BLACK.1623
Frisian	BLACK	BLACK.1420
German	BLACK	BLACK.1420
Hindi	BLACK	BLACK.606
Russian	BLACK	BLACK.908
Spanish	BLACK	BLACK.281
Swedish	BLACK	BLACK.1420
Danish	BLOOD	BLOOD.1421
Dutch	BLOOD	BLOOD.1421
Elfdalian	BLOOD	BLOOD.1421
English	BLOOD	BLOOD.1421
Frisian	BLOOD	BLOOD.1421
German	BLOOD	BLOOD.1421
Hindi	BLOOD	BLOOD.1086
Russian	BLOOD	BLOOD.909
Spanish	BLOOD	BLOOD.282
Swedish	BLOOD	BLOOD.1421
Danish	BLOW	BLOW.283
Dutch	BLOW	BLOW.283
Elfdalian	BLOW	BLOW.283
English	BLOW	BLOW.283
Frisian	BLOW	BLOW.283
German	BLOW	BLOW.283
Hindi	BLOW	BLOW.994
Russian	BLOW	BLOW.910
Spanish	BLOW	BLOW.283
Swedish	BLOW	BLOW.283
Danish	BONE	BONE.1422
Dutch	BONE	BONE.8
Elfdalian	BONE	BONE.1422
English	BONE	BONE.1422
Frisian	BONE	BONE.1422
German	BONE	BONE.2026
Hindi	BONE	BONE.995
Russian	BONE	BONE.911
Spanish	BONE	BONE.13
Swedish	BONE	BONE.1422
Danish	BREATHE	BREATHE.577
Dutch	BREATHE	BREATHE.1536
Elfdalian	BREATHE	BREATHE.577
English	BREATHE	BREATHE.1624
Frisian	BREATHE	BREATHE.1735
German	BREATHE	BREATHE.1536
Hindi	BREATHE	BREATHE.996
Russian	BREATHE	BREATHE.912
Spanish	BREATHE	BREATHE.284
Swedish	BREATHE	BREATHE.577
Danish	BURN	BURN.1423
Dutch	BURN	BURN.1423
Elfdalian	BURN	BURN.1423
English	BURN	BURN.1423
Frisian	BURN	BURN.1423
German	BURN	BURN.1423
Hindi	BURN	BURN.1073
Russian	BURN	BURN.45
Spanish	BURN	BURN.285
Swedish	BURN	BURN.1423
Danish	CARRY	CARRY.5
Dutch	CARRY	CARRY.1468
Elfdalian	CARRY	CARRY.5
English	CARRY	CARRY.1625
Frisian	CARRY	CARRY.1468
German	CARRY	CARRY.2042
Hindi	CARRY	CARRY.2359
Russian	CARRY	CARRY.913
Spanish	CARRY	CARRY.3334
Swedish	CARRY	CARRY.5
Danish	CHEST	CHEST.1261
Dutch	CHEST	CHEST.1261
Elfdalian	CHEST	CHEST.1261
English	CHEST	CHEST.1626
Frisian	CHEST	CHEST.1261
German	CHEST	CHEST.1261
Hindi	CHEST	CHEST.1088
Russian	CHEST	CHEST.914
Spanish	CHEST	CHEST.287
Swedish	CHEST	CHEST.1261
Danish	CHILD	CHILD.5
Dutch	CHILD	CHILD.646
Elfdalian	CHILD	CHILD.1574
English	CHILD	CHILD.1627
Frisian	CHILD	CHILD.5
German	CHILD	CHILD.646
Hindi	CHILD	CHILD.1925
Russian	CHILD	CHILD.922
Spanish	CHILD	CHILD.416
Swedish	CHILD	CHILD.5
Danish	CLAW	CLAW.1424
Dutch	CLAW	CLAW.1424
Elfdalian	CLAW	CLAW.1424
English	CLAW	CLAW.1424
Frisian	CLAW	CLAW.1424
German	CLAW	CLAW.2028
Hindi	CLAW	CLAW.1090
Russian	CLAW	CLAW.3873
Spanish	CLAW	CLAW.4155
Swedish	CLAW	CLAW.1424
Danish	CLOUD	CLOUD.1425
Dutch	CLOUD	CLOUD.1250
Elfdalian	CLOUD	CLOUD.1575
English	CLOUD	CLOUD.1628
Frisian	CLOUD	CLOUD.1250
German	CLOUD	CLOUD.1250
Hindi	CLOUD	CLOUD.1091
Russian	CLOUD	CLOUD.916
Spanish	CLOUD	CLOUD.289
Swedish	CLOUD	CLOUD.4163
Danish	COLD	COLD.317
Dutch	COLD	COLD.317
Elfdalian	COLD	COLD.317
English	COLD	COLD.317
Frisian	COLD	COLD.317
German	COLD	COLD.317
Hindi	COLD	COLD.615
Russian	COLD	COLD.917
Spanish	COLD	COLD.290
Swedish	COLD	COLD.317
Danish	COME	COME.291
Dutch	COME	COME.291
Elfdalian	COME	COME.291
English	COME	COME.291
Frisian	COME	COME.291
German	COME	COME.291
Hindi	COME	COME.291
Russian	COME	COME.3874
Spanish	COME	COME.291
Swedish	COME	COME.291
Danish	COUNT	COUNT.1426
Dutch	COUNT	COUNT.1537
Elfdalian	COUNT	COUNT.1576
English	COUNT	COUNT.1629
Frisian	COUNT	COUNT.1426
German	COUNT	COUNT.1426
Hindi	COUNT	COUNT.999
Russian	COUNT	COUNT.1355
Spanish	COUNT	COUNT.292
Swedish	COUNT	COUNT.4164
Danish	CRY	CRY.1427
Dutch	CRY	CRY.1538
Elfdalian	CRY	CRY.1577
English	CRY	CRY.1630
Frisian	CRY	CRY.1538
German	CRY	CRY.2043
Hindi	CRY	CRY.671
Russian	CRY	CRY.919
Spanish	CRY	CRY.1320
Swedish	CRY	CRY.1427
Danish	CUT	CUT.492
Dutch	CUT	CUT.1539
Elfdalian	CUT	CUT.1578
English	CUT	CUT.1631
Frisian	CUT	CUT.1539
German	CUT	CUT.1539
Hindi	CUT	CUT.275
Russian	CUT	CUT.920
Spanish	CUT	CUT.375
Swedish	CUT	CUT.492
Danish	DAY	DAY.15
Dutch	DAY	DAY.15
Elfdalian	DAY	DAY.15
English	DAY	DAY.15
Frisian	DAY	DAY.15
German	DAY	DAY.15
Hindi	DAY	DAY.295
Russian	DAY	DAY.295
Spanish	DAY	DAY.295
Swedish	DAY	DAY.15
Danish	DIE	DIE.822
Dutch	DIE	DIE.822
Elfdalian	DIE	DIE.822
English	DIE	DIE.1632
Frisian	DIE	DIE.1699
German	DIE	DIE.1699
Hindi	DIE	DIE.296
Russian	DIE	DIE.296
Spanish	DIE	DIE.296
Swedish	DIE	DIE.822
Danish	DIG	DIG.1428
Dutch	DIG	DIG.1428
Elfdalian	DIG	DIG.1428
English	DIG	DIG.1633
Frisian	DIG	DIG.1428
German	DIG	DIG.1428
Hindi	DIG	DIG.2360
Russian	DIG	DIG.78
Spanish	DIG	DIG.1322
Swedish	DIG	DIG.1428
Danish	DIRTY	DIRTY.1429
Dutch	DIRTY	DIRTY.364
Elfdalian	DIRTY	DIRTY.1579
English	DIRTY	DIRTY.1634
Frisian	DIRTY	DIRTY.1736
German	DIRTY	DIRTY.2044
Hindi	DIRTY	DIRTY.1093
Russian	DIRTY	DIRTY.3875
Spanish	DIRTY	DIRTY.3460
Swedish	DIRTY	DIRTY.1579
Danish	DO	DO.1430
Dutch	DO	DO.299
Elfdalian	DO	DO.1430
English	DO	DO.299
Frisian	DO	DO.299
German	DO	DO.2030
Hindi	DO	DO.620
Russian	DO	DO.299
Spanish	DO	DO.299
Swedish	DO	DO.1430
Danish	DOG	DOG.300
Dutch	DOG	DOG.300
Elfdalian	DOG	DOG.1580
English	DOG	DOG.1635
Frisian	DOG	DOG.300
German	DOG	DOG.300
Hindi	DOG	DOG.2361
Russian	DOG	DOG.923
Spanish	DOG	DOG.3543
Swedish	DOG	DOG.300
Danish	DRINK	DRINK.1431
Dutch	DRINK	DRINK.1431
Elfdalian	DRINK	DRINK.1431
English	DRINK	DRINK.1431
Frisian	DRINK	DRINK.1431
German	DRINK	DRINK.1431
Hindi	DRINK	DRINK.30
Russian	DRINK	DRINK.30
Spanish	DRINK	DRINK.30
Swedish	DRINK	DRINK.1431
Danish	DRY	DRY.303
Dutch	DRY	DRY.1540
Elfdalian	DRY	DRY.303
English	DRY	DRY.1540
Frisian	DRY	DRY.1540
German	DRY	DRY.1540
Hindi	DRY	DRY.675
Russian	DRY	DRY.675
Spanish	DRY	DRY.285
Swedish	DRY	DRY.303
Danish	DUST	DUST.1432
Dutch	DUST	DUST.1541
Elfdalian	DUST	DUST.1581
English	DUST	DUST.1636
Frisian	DUST	DUST.1541
German	DUST	DUST.1541
Hindi	DUST	DUST.1001
Russian	DUST	DUST.364
Spanish	DUST	DUST.302
Swedish	DUST	DUST.1432
Danish	EAR	EAR.33
Dutch	EAR	EAR.33
Elfdalian	EAR	EAR.33
English	EAR	EAR.33
Frisian	EAR	EAR.33
German	EAR	EAR.33
Hindi	EAR	EAR.621
Russian	EAR	EAR.33
Spanish	EAR	EAR.33
Swedish	EAR	EAR.33
Danish	EARTH	EARTH.1433
Dutch	EARTH	EARTH.1433
Elfdalian	EARTH	EARTH.323
English	EARTH	EARTH.1433
Frisian	EARTH	EARTH.1737
German	EARTH	EARTH.2045
Hindi	EARTH	EARTH.2362
Russian	EARTH	EARTH.34
Spanish	EARTH	EARTH.303
Swedish	EARTH	EARTH.2045
Danish	EAT	EAT.439
Dutch	EAT	EAT.439
Elfdalian	EAT	EAT.439
English	EAT	EAT.439
Frisian	EAT	EAT.439
German	EAT	EAT.439
Hindi	EAT	EAT.622
Russian	EAT	EAT.439
Spanish	EAT	EAT.439
Swedish	EAT	EAT.439
Danish	EGG	EGG.36
Dutch	EGG	EGG.36
Elfdalian	EGG	EGG.36
English	EGG	EGG.1637
Frisian	EGG	EGG.36
German	EGG	EGG.36
Hindi	EGG	EGG.1002
Russian	EGG	EGG.36
Spanish	EGG	EGG.36
Swedish	EGG	EGG.36
Danish	EYE	EYE.37
Dutch	EYE	EYE.37
Elfdalian	EYE	EYE.37
English	EYE	EYE.37
Frisian	EYE	EYE.37
German	EYE	EYE.37
Hindi	EYE	EYE.37
Russian	EYE	EYE.3876
Spanish	EYE	EYE.37
Swedish	EYE	EYE.37
Danish	FALL	FALL.1434
Dutch	FALL	FALL.1434
Elfdalian	FALL	FALL.1434
English	FALL	FALL.1434
Frisian	FALL	FALL.1434
German	FALL	FALL.1434
Hindi	FALL	FALL.1094
Russian	FALL	FALL.315
Spanish	FALL	FALL.305
Swedish	FALL	FALL.1434
Danish	FAR	FAR.8
Dutch	FAR	FAR.286
Elfdalian	FAR	FAR.89
English	FAR	FAR.286
Frisian	FAR	FAR.286
German	FAR	FAR.1506
Hindi	FAR	FAR.327
Russian	FAR	FAR.89
Spanish	FAR	FAR.4156
Swedish	FAR	FAR.89
Danish	FAT	FAT.1435
Dutch	FAT	FAT.1435
Elfdalian	FAT	FAT.1435
English	FAT	FAT.1435
Frisian	FAT	FAT.1435
German	FAT	FAT.1435
Hindi	FAT	FAT.1003
Russian	FAT	FAT.3877
Spanish	FAT	FAT.306
Swedish	FAT	FAT.1435
Danish	FATHER	FATHER.307
Dutch	FATHER	FATHER.307
Elfdalian	FATHER	FATHER.307
English	FATHER	FATHER.307
Frisian	FATHER	FATHER.307
German	FATHER	FATHER.307
Hindi	FATHER	FATHER.2363
Russian	FATHER	FATHER.1358
Spanish	FATHER	FATHER.307
Swedish	FATHER	FATHER.307
Danish	FEAR	FEAR.1436
Dutch	FEAR	FEAR.1542
Elfdalian	FEAR	FEAR.1582
English	FEAR	FEAR.1638
Frisian	FEAR	FEAR.477
German	FEAR	FEAR.477
Hindi	FEAR	FEAR.905
Russian	FEAR	FEAR.926
Spanish	FEAR	FEAR.3832
Swedish	FEAR	FEAR.4165
Danish	FEATHER	FEATHER.308
Dutch	FEATHER	FEATHER.308
Elfdalian	FEATHER	FEATHER.308
English	FEATHER	FEATHER.308
Frisian	FEATHER	FEATHER.308
German	FEATHER	FEATHER.308
Hindi	FEATHER	FEATHER.1072
Russian	FEATHER	FEATHER.681
Spanish	FEATHER	FEATHER.361
Swedish	FEATHER	FEATHER.308
Danish	FIGHT	FIGHT.1437
Dutch	FIGHT	FIGHT.1543
Elfdalian	FIGHT	FIGHT.1583
English	FIGHT	FIGHT.1543
Frisian	FIGHT	FIGHT.1543
German	FIGHT	FIGHT.2046
Hindi	FIGHT	FIGHT.1095
Russian	FIGHT	FIGHT.905
Spanish	FIGHT	FIGHT.1714
Swedish	FIGHT	FIGHT.8
Danish	FIRE	FIRE.1438
Dutch	FIRE	FIRE.444
Elfdalian	FIRE	FIRE.1438
English	FIRE	FIRE.444
Frisian	FIRE	FIRE.444
German	FIRE	FIRE.444
Hindi	FIRE	FIRE.928
Russian	FIRE	FIRE.928
Spanish	FIRE	FIRE.310
Swedish	FIRE	FIRE.1438
Danish	FISH	FISH.311
Dutch	FISH	FISH.311
Elfdalian	FISH	FISH.311
English	FISH	FISH.311
Frisian	FISH	FISH.311
German	FISH	FISH.311
Hindi	FISH	FISH.683
Russian	FISH	FISH.929
Spanish	FISH	FISH.311
Swedish	FISH	FISH.311
Danish	FIVE	FIVE.47
Dutch	FIVE	FIVE.47
Elfdalian	FIVE	FIVE.47
English	FIVE	FIVE.47
Frisian	FIVE	FIVE.47
German	FIVE	FIVE.47
Hindi	FIVE	FIVE.47
Russian	FIVE	FIVE.47
Spanish	FIVE	FIVE.47
Swedish	FIVE	FIVE.47
Danish	FLOWER	FLOWER.312
Dutch	FLOWER	FLOWER.312
Elfdalian	FLOWER	FLOWER.312
English	FLOWER	FLOWER.1639
Frisian	FLOWER	FLOWER.312
German	FLOWER	FLOWER.312
Hindi	FLOWER	FLOWER.1005
Russian	FLOWER	FLOWER.930
Spanish	FLOWER	FLOWER.312
Swedish	FLOWER	FLOWER.312
Danish	FLY_N	FLY_N.1417
Dutch	FLY_N	FLY_N.1417
Elfdalian	FLY_N	FLY_N.1417
English	FLY_N	FLY_N.1417
Frisian	FLY_N	FLY_N.1738
German	FLY_N	FLY_N.1417
Hindi	FLY_N	FLY_N.624
Russian	FLY_N	FLY_N.49
Spanish	FLY_N	FLY_N.49
Swedish	FLY_N	FLY_N.1417
Danish	FLY_V	FLY_V.1417
Dutch	FLY_V	FLY_V.1417
Elfdalian	FLY_V	FLY_V.1417
English	FLY_V	FLY_V.1417
Frisian	FLY_V	FLY_V.1417
German	FLY_V	FLY_V.1417
Hindi	FLY_V	FLY_V.1006
Russian	FLY_V	FLY_V.3878
Spanish	FLY_V	FLY_V.313
Swedish	FLY_V	FLY_V.1417
Danish	FOG	FOG.1439
Dutch	FOG	FOG.585
Elfdalian	FOG	FOG.1584
English	FOG	FOG.1640
Frisian	FOG	FOG.1739
German	FOG	FOG.431
Hindi	FOG	FOG.1007
Russian	FOG	FOG.3879
Spanish	FOG	FOG.431
Swedish	FOG	FOG.1439
Danish	FOOT	FOOT.315
Dutch	FOOT	FOOT.315
Elfdalian	FOOT	FOOT.315
English	FOOT	FOOT.315
Frisian	FOOT	FOOT.315
German	FOOT	FOOT.315
Hindi	FOOT	FOOT.315
Russian	FOOT	FOOT.288
Spanish	FOOT	FOOT.8
Swedish	FOOT	FOOT.315
Danish	FOREST	FOREST.1440
Dutch	FOREST	FOREST.250
Elfdalian	FOREST	FOREST.1585
English	FOREST	FOREST.1246
Frisian	FOREST	FOREST.1701
German	FOREST	FOREST.250
Hindi	FOREST	FOREST.789
Russian	FOREST	FOREST.933
Spanish	FOREST	FOREST.316
Swedish	FOREST	FOREST.4166
Danish	FOUR	FOUR.54
Dutch	FOUR	FOUR.54
Elfdalian	FOUR	FOUR.54
English	FOUR	FOUR.54
Frisian	FOUR	FOUR.54
German	FOUR	FOUR.54
Hindi	FOUR	FOUR.54
Russian	FOUR	FOUR.54
Spanish	FOUR	FOUR.54
Swedish	FOUR	FOUR.54
Danish	FREEZE	FREEZE.1441
Dutch	FREEZE	FREEZE.1441
Elfdalian	FREEZE	FREEZE.1586
English	FREEZE	FREEZE.1441
Frisian	FREEZE	FREEZE.1441
German	FREEZE	FREEZE.1441
Hindi	FREEZE	FREEZE.1096
Russian	FREEZE	FREEZE.206
Spanish	FREEZE	FREEZE.317
Swedish	FREEZE	FREEZE.1441
Danish	FRUIT	FRUIT.55
Dutch	FRUIT	FRUIT.55
Elfdalian	FRUIT	FRUIT.55
English	FRUIT	FRUIT.55
Frisian	FRUIT	FRUIT.55
German	FRUIT	FRUIT.55
Hindi	FRUIT	FRUIT.1009
Russian	FRUIT	FRUIT.56
Spanish	FRUIT	FRUIT.318
Swedish	FRUIT	FRUIT.55
Danish	FULL	FULL.56
Dutch	FULL	FULL.56
Elfdalian	FULL	FULL.56
English	FULL	FULL.56
Frisian	FULL	FULL.56
German	FULL	FULL.56
Hindi	FULL	FULL.5
Russian	FULL	FULL.56
Spanish	FULL	FULL.56
Swedish	FULL	FULL.56
Danish	GIVE	GIVE.1442
Dutch	GIVE	GIVE.1442
Elfdalian	GIVE	GIVE.1442
English	GIVE	GIVE.1442
Frisian	GIVE	GIVE.1442
German	GIVE	GIVE.1442
Hindi	GIVE	GIVE.57
Russian	GIVE	GIVE.57
Spanish	GIVE	GIVE.57
Swedish	GIVE	GIVE.1442
Danish	GO	GO.1443
Dutch	GO	GO.1443
Elfdalian	GO	GO.1443
English	GO	GO.1443
Frisian	GO	GO.1443
German	GO	GO.1443
Hindi	GO	GO.626
Russian	GO	GO.58
Spanish	GO	GO.319
Swedish	GO	GO.1443
Danish	GOOD	GOOD.986
Dutch	GOOD	GOOD.986
Elfdalian	GOOD	GOOD.986
English	GOOD	GOOD.986
Frisian	GOOD	GOOD.986
German	GOOD	GOOD.986
Hindi	GOOD	GOOD.2364
Russian	GOOD	GOOD.3880
Spanish	GOOD	GOOD.320
Swedish	GOOD	GOOD.4167
Danish	GRASS	GRASS.1444
Dutch	GRASS	GRASS.1444
Elfdalian	GRASS	GRASS.1444
English	GRASS	GRASS.1444
Frisian	GRASS	GRASS.1444
German	GRASS	GRASS.1444
Hindi	GRASS	GRASS.628
Russian	GRASS	GRASS.935
Spanish	GRASS	GRASS.321
Swedish	GRASS	GRASS.1444
Danish	GREEN	GREEN.1445
Dutch	GREEN	GREEN.1445
Elfdalian	GREEN	GREEN.1445
English	GREEN	GREEN.1445
Frisian	GREEN	GREEN.1445
German	GREEN	GREEN.1445
Hindi	GREEN	GREEN.687
Russian	GREEN	GREEN.687
Spanish	GREEN	GREEN.322
Swedish	GREEN	GREEN.1445
Danish	GRIND	GRIND.323
Dutch	GRIND	GRIND.323
Elfdalian	GRIND	GRIND.323
English	GRIND	GRIND.1641
Frisian	GRIND	GRIND.323
German	GRIND	GRIND.323
Hindi	GRIND	GRIND.688
Russian	GRIND	GRIND.323
Spanish	GRIND	GRIND.323
Swedish	GRIND	GRIND.323
Danish	GUTS	GUTS.1446
Dutch	GUTS	GUTS.1446
Elfdalian	GUTS	GUTS.1587
English	GUTS	GUTS.1642
Frisian	GUTS	GUTS.1740
German	GUTS	GUTS.2047
Hindi	GUTS	GUTS.324
Russian	GUTS	GUTS.324
Spanish	GUTS	GUTS.324
Swedish	GUTS	GUTS.1446
Danish	HAIR	HAIR.963
Dutch	HAIR	HAIR.963
Elfdalian	HAIR	HAIR.963
English	HAIR	HAIR.963
Frisian	HAIR	HAIR.963
German	HAIR	HAIR.963
Hindi	HAIR	HAIR.1098
Russian	HAIR	HAIR.690
Spanish	HAIR	HAIR.1714
Swedish	HAIR	HAIR.963
Danish	HAND	HAND.1447
Dutch	HAND	HAND.1447
Elfdalian	HAND	HAND.1588
English	HAND	HAND.1447
Frisian	HAND	HAND.1447
German	HAND	HAND.1447
Hindi	HAND	HAND.65
Russian	HAND	HAND.937
Spanish	HAND	HAND.326
Swedish	HAND	HAND.1447
Danish	HARD	HARD.275
Dutch	HARD	HARD.275
Elfdalian	HARD	HARD.1482
English	HARD	HARD.275
Frisian	HARD	HARD.275
German	HARD	HARD.2048
Hindi	HARD	HARD.1099
Russian	HARD	HARD.938
Spanish	HARD	HARD.327
Swedish	HARD	HARD.2048
Danish	HEAD	HEAD.328
Dutch	HEAD	HEAD.328
Elfdalian	HEAD	HEAD.1589
English	HEAD	HEAD.328
Frisian	HEAD	HEAD.328
German	HEAD	HEAD.2049
Hindi	HEAD	HEAD.66
Russian	HEAD	HEAD.939
Spanish	HEAD	HEAD.328
Swedish	HEAD	HEAD.328
Danish	HEAR	HEAR.1448
Dutch	HEAR	HEAR.1448
Elfdalian	HEAR	HEAR.1448
English	HEAR	HEAR.1448
Frisian	HEAR	HEAR.1448
German	HEAR	HEAR.1448
Hindi	HEAR	HEAR.460
Russian	HEAR	HEAR.1361
Spanish	HEAR	HEAR.329
Swedish	HEAR	HEAR.1448
Danish	HEART	HEART.330
Dutch	HEART	HEART.330
Elfdalian	HEART	HEART.330
English	HEART	HEART.330
Frisian	HEART	HEART.330
German	HEART	HEART.330
Hindi	HEART	HEART.875
Russian	HEART	HEART.330
Spanish	HEART	HEART.330
Swedish	HEART	HEART.330
Danish	HEAVY	HEAVY.941
Dutch	HEAVY	HEAVY.1544
Elfdalian	HEAVY	HEAVY.941
English	HEAVY	HEAVY.1643
Frisian	HEAVY	HEAVY.1544
German	HEAVY	HEAVY.1544
Hindi	HEAVY	HEAVY.5
Russian	HEAVY	HEAVY.941
Spanish	HEAVY	HEAVY.1328
Swedish	HEAVY	HEAVY.1544
Danish	HERE	HERE.462
Dutch	HERE	HERE.462
Elfdalian	HERE	HERE.462
English	HERE	HERE.462
Frisian	HERE	HERE.462
German	HERE	HERE.462
Hindi	HERE	HERE.693
Russian	HERE	HERE.462
Spanish	HERE	HERE.8
Swedish	HERE	HERE.462
Danish	HIDE	HIDE.1449
Dutch	HIDE	HIDE.1545
Elfdalian	HIDE	HIDE.1590
English	HIDE	HIDE.1644
Frisian	HIDE	HIDE.1741
German	HIDE	HIDE.605
Hindi	HIDE	HIDE.1100
Russian	HIDE	HIDE.3881
Spanish	HIDE	HIDE.299
Swedish	HIDE	HIDE.1590
Danish	HIT	HIT.1437
Dutch	HIT	HIT.390
Elfdalian	HIT	HIT.1437
English	HIT	HIT.1645
Frisian	HIT	HIT.1437
German	HIT	HIT.1453
Hindi	HIT	HIT.2365
Russian	HIT	HIT.905
Spanish	HIT	HIT.294
Swedish	HIT	HIT.1437
Danish	HORN	HORN.66
Dutch	HORN	HORN.66
Elfdalian	HORN	HORN.66
English	HORN	HORN.66
Frisian	HORN	HORN.66
German	HORN	HORN.66
Hindi	HORN	HORN.66
Russian	HORN	HORN.942
Spanish	HORN	HORN.66
Swedish	HORN	HORN.66
Danish	HOT	HOT.45
Dutch	HOT	HOT.45
Elfdalian	HOT	HOT.45
English	HOT	HOT.1646
Frisian	HOT	HOT.45
German	HOT	HOT.45
Hindi	HOT	HOT.632
Russian	HOT	HOT.696
Spanish	HOT	HOT.333
Swedish	HOT	HOT.45
Danish	HOUSE	HOUSE.1450
Dutch	HOUSE	HOUSE.1450
Elfdalian	HOUSE	HOUSE.1450
English	HOUSE	HOUSE.1450
Frisian	HOUSE	HOUSE.1450
German	HOUSE	HOUSE.1450
Hindi	HOUSE	HOUSE.2366
Russian	HOUSE	HOUSE.466
Spanish	HOUSE	HOUSE.1331
Swedish	HOUSE	HOUSE.1450
Danish	HOW	HOW.74
Dutch	HOW	HOW.74
Elfdalian	HOW	HOW.74
English	HOW	HOW.74
Frisian	HOW	HOW.74
German	HOW	HOW.74
Hindi	HOW	HOW.74
Russian	HOW	HOW.74
Spanish	HOW	HOW.74
Swedish	HOW	HOW.74
Danish	HUNT	HUNT.1451
Dutch	HUNT	HUNT.1546
Elfdalian	HUNT	HUNT.1451
English	HUNT	HUNT.1647
Frisian	HUNT	HUNT.1546
German	HUNT	HUNT.1546
Hindi	HUNT	HUNT.1015
Russian	HUNT	HUNT.3384
Spanish	HUNT	HUNT.334
Swedish	HUNT	HUNT.4168
Danish	I	I.76
Dutch	I	I.76
Elfdalian	I	I.76
English	I	I.76
Frisian	I	I.76
German	I	I.76
Hindi	I	I.635
Russian	I	I.76
Spanish	I	I.76
Swedish	I	I.76
Danish	ICE	ICE.1452
Dutch	ICE	ICE.1452
Elfdalian	ICE	ICE.1452
English	ICE	ICE.1452
Frisian	ICE	ICE.1452
German	ICE	ICE.1452
Hindi	ICE	ICE.1016
Russian	ICE	ICE.945
Spanish	ICE	ICE.317
Swedish	ICE	ICE.1452
Danish	KILL	KILL.1453
Dutch	KILL	KILL.1437
Elfdalian	KILL	KILL.1591
English	KILL	KILL.1648
Frisian	KILL	KILL.822
German	KILL	KILL.822
Hindi	KILL	KILL.296
Russian	KILL	KILL.17
Spanish	KILL	KILL.1332
Swedish	KILL	KILL.1453
Danish	KNEE	KNEE.79
Dutch	KNEE	KNEE.79
Elfdalian	KNEE	KNEE.79
English	KNEE	KNEE.79
Frisian	KNEE	KNEE.79
German	KNEE	KNEE.79
Hindi	KNEE	KNEE.1101
Russian	KNEE	KNEE.946
Spanish	KNEE	KNEE.365
Swedish	KNEE	KNEE.79
Danish	KNOW	KNOW.372
Dutch	KNOW	KNOW.372
Elfdalian	KNOW	KNOW.372
English	KNOW	KNOW.638
Frisian	KNOW	KNOW.372
German	KNOW	KNOW.372
Hindi	KNOW	KNOW.638
Russian	KNOW	KNOW.638
Spanish	KNOW	KNOW.337
Swedish	KNOW	KNOW.372
Danish	LAKE	LAKE.1454
Dutch	LAKE	LAKE.371
Elfdalian	LAKE	LAKE.1454
English	LAKE	LAKE.1649
Frisian	LAKE	LAKE.8
German	LAKE	LAKE.1454
Hindi	LAKE	LAKE.2367
Russian	LAKE	LAKE.947
Spanish	LAKE	LAKE.219
Swedish	LAKE	LAKE.1454
Danish	LAUGH	LAUGH.1455
Dutch	LAUGH	LAUGH.1455
Elfdalian	LAUGH	LAUGH.1592
English	LAUGH	LAUGH.1455
Frisian	LAUGH	LAUGH.1455
German	LAUGH	LAUGH.1455
Hindi	LAUGH	LAUGH.1018
Russian	LAUGH	LAUGH.948
Spanish	LAUGH	LAUGH.338
Swedish	LAUGH	LAUGH.4169
Danish	LEAF	LEAF.312
Dutch	LEAF	LEAF.312
Elfdalian	LEAF	LEAF.1593
English	LEAF	LEAF.1593
Frisian	LEAF	LEAF.312
German	LEAF	LEAF.312
Hindi	LEAF	LEAF.308
Russian	LEAF	LEAF.949
Spanish	LEAF	LEAF.339
Swedish	LEAF	LEAF.312
Danish	LEFT	LEFT.1456
Dutch	LEFT	LEFT.1547
Elfdalian	LEFT	LEFT.1456
English	LEFT	LEFT.1650
Frisian	LEFT	LEFT.1547
German	LEFT	LEFT.1547
Hindi	LEFT	LEFT.639
Russian	LEFT	LEFT.435
Spanish	LEFT	LEFT.3462
Swedish	LEFT	LEFT.1456
Danish	LEG	LEG.1422
Dutch	LEG	LEG.1422
Elfdalian	LEG	LEG.1594
English	LEG	LEG.1651
Frisian	LEG	LEG.315
German	LEG	LEG.1422
Hindi	LEG	LEG.2368
Russian	LEG	LEG.288
Spanish	LEG	LEG.3545
Swedish	LEG	LEG.1422
Danish	LIE	LIE.950
Dutch	LIE	LIE.950
Elfdalian	LIE	LIE.950
English	LIE	LIE.950
Frisian	LIE	LIE.950
German	LIE	LIE.950
Hindi	LIE	LIE.1104
Russian	LIE	LIE.950
Spanish	LIE	LIE.342
Swedish	LIE	LIE.950
Danish	LIVE	LIVE.1155
Dutch	LIVE	LIVE.1548
Elfdalian	LIVE	LIVE.1595
English	LIVE	LIVE.1595
Frisian	LIVE	LIVE.1595
German	LIVE	LIVE.1595
Hindi	LIVE	LIVE.343
Russian	LIVE	LIVE.343
Spanish	LIVE	LIVE.343
Swedish	LIVE	LIVE.1595
Danish	LIVER	LIVER.1457
Dutch	LIVER	LIVER.1457
Elfdalian	LIVER	LIVER.1457
English	LIVER	LIVER.1457
Frisian	LIVER	LIVER.1457
German	LIVER	LIVER.1457
Hindi	LIVER	LIVER.1105
Russian	LIVER	LIVER.650
Spanish	LIVER	LIVER.344
Swedish	LIVER	LIVER.1457
Danish	LONG	LONG.89
Dutch	LONG	LONG.89
Elfdalian	LONG	LONG.89
English	LONG	LONG.89
Frisian	LONG	LONG.89
German	LONG	LONG.89
Hindi	LONG	LONG.1020
Russian	LONG	LONG.89
Spanish	LONG	LONG.1333
Swedish	LONG	LONG.89
Danish	LOUSE	LOUSE.1200
Dutch	LOUSE	LOUSE.1200
Elfdalian	LOUSE	LOUSE.1200
English	LOUSE	LOUSE.1200
Frisian	LOUSE	LOUSE.1200
German	LOUSE	LOUSE.1200
Hindi	LOUSE	LOUSE.642
Russian	LOUSE	LOUSE.951
Spanish	LOUSE	LOUSE.345
Swedish	LOUSE	LOUSE.1200
Danish	MAN	MAN.1458
Dutch	MAN	MAN.1458
Elfdalian	MAN	MAN.177
English	MAN	MAN.1458
Frisian	MAN	MAN.1458
German	MAN	MAN.1458
Hindi	MAN	MAN.8
Russian	MAN	MAN.326
Spanish	MAN	MAN.34
Swedish	MAN	MAN.177
Danish	MEAT	MEAT.1459
Dutch	MEAT	MEAT.1549
Elfdalian	MEAT	MEAT.1596
English	MEAT	MEAT.1180
Frisian	MEAT	MEAT.1742
German	MEAT	MEAT.1549
Hindi	MEAT	MEAT.92
Russian	MEAT	MEAT.92
Spanish	MEAT	MEAT.346
Swedish	MEAT	MEAT.1459
Danish	MOON	MOON.706
Dutch	MOON	MOON.706
Elfdalian	MOON	MOON.1597
English	MOON	MOON.706
Frisian	MOON	MOON.706
German	MOON	MOON.706
Hindi	MOON	MOON.93
Russian	MOON	MOON.347
Spanish	MOON	MOON.347
Swedish	MOON	MOON.706
Danish	MOTHER	MOTHER.348
Dutch	MOTHER	MOTHER.348
Elfdalian	MOTHER	MOTHER.348
English	MOTHER	MOTHER.348
Frisian	MOTHER	MOTHER.1743
German	MOTHER	MOTHER.348
Hindi	MOTHER	MOTHER.2369
Russian	MOTHER	MOTHER.348
Spanish	MOTHER	MOTHER.348
Swedish	MOTHER	MOTHER.348
Danish	MOUNTAIN	MOUNTAIN.378
Dutch	MOUNTAIN	MOUNTAIN.1520
Elfdalian	MOUNTAIN	MOUNTAIN.1520
English	MOUNTAIN	MOUNTAIN.1652
Frisian	MOUNTAIN	MOUNTAIN.1520
German	MOUNTAIN	MOUNTAIN.1520
Hindi	MOUNTAIN	MOUNTAIN.644
Russian	MOUNTAIN	MOUNTAIN.143
Spanish	MOUNTAIN	MOUNTAIN.326
Swedish	MOUNTAIN	MOUNTAIN.378
Danish	MOUTH	MOUTH.1460
Dutch	MOUTH	MOUTH.1460
Elfdalian	MOUTH	MOUTH.1460
English	MOUTH	MOUTH.1460
Frisian	MOUTH	MOUTH.1744
German	MOUTH	MOUTH.1460
Hindi	MOUTH	MOUTH.645
Russian	MOUTH	MOUTH.78
Spanish	MOUTH	MOUTH.349
Swedish	MOUTH	MOUTH.1460
Danish	NAIL	NAIL.288
Dutch	NAIL	NAIL.288
Elfdalian	NAIL	NAIL.288
English	NAIL	NAIL.288
Frisian	NAIL	NAIL.288
German	NAIL	NAIL.288
Hindi	NAIL	NAIL.1107
Russian	NAIL	NAIL.288
Spanish	NAIL	NAIL.288
Swedish	NAIL	NAIL.288
Danish	NAME	NAME.227
Dutch	NAME	NAME.227
Elfdalian	NAME	NAME.227
English	NAME	NAME.227
Frisian	NAME	NAME.227
German	NAME	NAME.227
Hindi	NAME	NAME.227
Russian	NAME	NAME.227
Spanish	NAME	NAME.227
Swedish	NAME	NAME.227
Danish	NARROW	NARROW.1461
Dutch	NARROW	NARROW.8
Elfdalian	NARROW	NARROW.1598
English	NARROW	NARROW.1653
Frisian	NARROW	NARROW.1461
German	NARROW	NARROW.477
Hindi	NARROW	NARROW.2370
Russian	NARROW	NARROW.477
Spanish	NARROW	NARROW.477
Swedish	NARROW	NARROW.1461
Danish	NAVEL	NAVEL.351
Dutch	NAVEL	NAVEL.351
Elfdalian	NAVEL	NAVEL.351
English	NAVEL	NAVEL.1142
Frisian	NAVEL	NAVEL.351
German	NAVEL	NAVEL.351
Hindi	NAVEL	NAVEL.1024
Russian	NAVEL	NAVEL.3103
Spanish	NAVEL	NAVEL.351
Swedish	NAVEL	NAVEL.351
Danish	NEAR	NEAR.1462
Dutch	NEAR	NEAR.1462
Elfdalian	NEAR	NEAR.1462
English	NEAR	NEAR.1462
Frisian	NEAR	NEAR.1702
German	NEAR	NEAR.2050
Hindi	NEAR	NEAR.1110
Russian	NEAR	NEAR.953
Spanish	NEAR	NEAR.8
Swedish	NEAR	NEAR.2050
Danish	NECK	NECK.1463
Dutch	NECK	NECK.1463
Elfdalian	NECK	NECK.1463
English	NECK	NECK.1463
Frisian	NECK	NECK.353
German	NECK	NECK.1463
Hindi	NECK	NECK.2371
Russian	NECK	NECK.373
Spanish	NECK	NECK.353
Swedish	NECK	NECK.353
Danish	NEW	NEW.354
Dutch	NEW	NEW.354
Elfdalian	NEW	NEW.354
English	NEW	NEW.354
Frisian	NEW	NEW.354
German	NEW	NEW.354
Hindi	NEW	NEW.354
Russian	NEW	NEW.354
Spanish	NEW	NEW.354
Swedish	NEW	NEW.354
Danish	NIGHT	NIGHT.103
Dutch	NIGHT	NIGHT.103
Elfdalian	NIGHT	NIGHT.103
English	NIGHT	NIGHT.103
Frisian	NIGHT	NIGHT.103
German	NIGHT	NIGHT.103
Hindi	NIGHT	NIGHT.1027
Russian	NIGHT	NIGHT.103
Spanish	NIGHT	NIGHT.103
Swedish	NIGHT	NIGHT.103
Danish	NOSE	NOSE.355
Dutch	NOSE	NOSE.355
Elfdalian	NOSE	NOSE.1599
English	NOSE	NOSE.355
Frisian	NOSE	NOSE.355
German	NOSE	NOSE.355
Hindi	NOSE	NOSE.355
Russian	NOSE	NOSE.355
Spanish	NOSE	NOSE.355
Swedish	NOSE	NOSE.355
Danish	NOT	NOT.1464
Dutch	NOT	NOT.229
Elfdalian	NOT	NOT.1464
English	NOT	NOT.229
Frisian	NOT	NOT.229
German	NOT	NOT.229
Hindi	NOT	NOT.229
Russian	NOT	NOT.229
Spanish	NOT	NOT.229
Swedish	NOT	NOT.1464
Danish	OLD	OLD.1465
Dutch	OLD	OLD.1550
Elfdalian	OLD	OLD.1465
English	OLD	OLD.1550
Frisian	OLD	OLD.1550
German	OLD	OLD.1550
Hindi	OLD	OLD.2372
Russian	OLD	OLD.69
Spanish	OLD	OLD.179
Swedish	OLD	OLD.1465
Danish	ONE	ONE.356
Dutch	ONE	ONE.356
Elfdalian	ONE	ONE.356
English	ONE	ONE.356
Frisian	ONE	ONE.356
German	ONE	ONE.356
Hindi	ONE	ONE.356
Russian	ONE	ONE.356
Spanish	ONE	ONE.356
Swedish	ONE	ONE.356
Danish	PERSON	PERSON.1466
Dutch	PERSON	PERSON.357
Elfdalian	PERSON	PERSON.1466
English	PERSON	PERSON.357
Frisian	PERSON	PERSON.1458
German	PERSON	PERSON.1458
Hindi	PERSON	PERSON.1111
Russian	PERSON	PERSON.3815
Spanish	PERSON	PERSON.34
Swedish	PERSON	PERSON.357
Danish	PLAY	PLAY.1467
Dutch	PLAY	PLAY.1551
Elfdalian	PLAY	PLAY.1467
English	PLAY	PLAY.1654
Frisian	PLAY	PLAY.8
German	PLAY	PLAY.1551
Hindi	PLAY	PLAY.647
Russian	PLAY	PLAY.1301
Spanish	PLAY	PLAY.358
Swedish	PLAY	PLAY.1467
Danish	PULL	PULL.1468
Dutch	PULL	PULL.1552
Elfdalian	PULL	PULL.1468
English	PULL	PULL.1655
Frisian	PULL	PULL.1552
German	PULL	PULL.1150
Hindi	PULL	PULL.1112
Russian	PULL	PULL.941
Spanish	PULL	PULL.8
Swedish	PULL	PULL.1468
Danish	PUSH	PUSH.1469
Dutch	PUSH	PUSH.1553
Elfdalian	PUSH	PUSH.1600
English	PUSH	PUSH.1656
Frisian	PUSH	PUSH.1745
German	PUSH	PUSH.2051
Hindi	PUSH	PUSH.1113
Russian	PUSH	PUSH.1364
Spanish	PUSH	PUSH.384
Swedish	PUSH	PUSH.8
Danish	RAIN	RAIN.1470
Dutch	RAIN	RAIN.1470
Elfdalian	RAIN	RAIN.1470
English	RAIN	RAIN.1470
Frisian	RAIN	RAIN.1470
German	RAIN	RAIN.1470
Hindi	RAIN	RAIN.2373
Russian	RAIN	RAIN.295
Spanish	RAIN	RAIN.361
Swedish	RAIN	RAIN.1470
Danish	RED	RED.362
Dutch	RED	RED.362
Elfdalian	RED	RED.362
English	RED	RED.362
Frisian	RED	RED.362
German	RED	RED.362
Hindi	RED	RED.1031
Russian	RED	RED.3882
Spanish	RED	RED.362
Swedish	RED	RED.362
Danish	RIGHT	RIGHT.1471
Dutch	RIGHT	RIGHT.390
Elfdalian	RIGHT	RIGHT.1471
English	RIGHT	RIGHT.390
Frisian	RIGHT	RIGHT.390
German	RIGHT	RIGHT.390
Hindi	RIGHT	RIGHT.232
Russian	RIGHT	RIGHT.3883
Spanish	RIGHT	RIGHT.390
Swedish	RIGHT	RIGHT.1471
Danish	RIVER	RIVER.1472
Dutch	RIVER	RIVER.1554
Elfdalian	RIVER	RIVER.1472
English	RIVER	RIVER.1554
Frisian	RIVER	RIVER.1554
German	RIVER	RIVER.2035
Hindi	RIVER	RIVER.649
Russian	RIVER	RIVER.959
Spanish	RIVER	RIVER.959
Swedish	RIVER	RIVER.409
Danish	ROOT	ROOT.115
Dutch	ROOT	ROOT.115
Elfdalian	ROOT	ROOT.115
English	ROOT	ROOT.1657
Frisian	ROOT	ROOT.115
German	ROOT	ROOT.115
Hindi	ROOT	ROOT.2374
Russian	ROOT	ROOT.620
Spanish	ROOT	ROOT.115
Swedish	ROOT	ROOT.115
Danish	ROTTEN	ROTTEN.1473
Dutch	ROTTEN	ROTTEN.1555
Elfdalian	ROTTEN	ROTTEN.1601
English	ROTTEN	ROTTEN.1658
Frisian	ROTTEN	ROTTEN.1473
German	ROTTEN	ROTTEN.364
Hindi	ROTTEN	ROTTEN.305
Russian	ROTTEN	ROTTEN.960
Spanish	ROTTEN	ROTTEN.364
Swedish	ROTTEN	ROTTEN.4170
Danish	ROUND	ROUND.1474
Dutch	ROUND	ROUND.1474
Elfdalian	ROUND	ROUND.1474
English	ROUND	ROUND.1474
Frisian	ROUND	ROUND.1474
German	ROUND	ROUND.1474
Hindi	ROUND	ROUND.1033
Russian	ROUND	ROUND.961
Spanish	ROUND	ROUND.365
Swedish	ROUND	ROUND.1474
Danish	RUN	RUN.1475
Dutch	RUN	RUN.959
Elfdalian	RUN	RUN.1602
English	RUN	RUN.959
Frisian	RUN	RUN.1746
German	RUN	RUN.959
Hindi	RUN	RUN.1034
Russian	RUN	RUN.962
Spanish	RUN	RUN.366
Swedish	RUN	RUN.4171
Danish	SALT	SALT.367
Dutch	SALT	SALT.367
Elfdalian	SALT	SALT.367
English	SALT	SALT.367
Frisian	SALT	SALT.367
German	SALT	SALT.367
Hindi	SALT	SALT.1115
Russian	SALT	SALT.367
Spanish	SALT	SALT.367
Swedish	SALT	SALT.367
Danish	SAND	SAND.1476
Dutch	SAND	SAND.1476
Elfdalian	SAND	SAND.1476
English	SAND	SAND.1476
Frisian	SAND	SAND.1476
German	SAND	SAND.1476
Hindi	SAND	SAND.1036
Russian	SAND	SAND.676
Spanish	SAND	SAND.2480
Swedish	SAND	SAND.1476
Danish	SAY	SAY.1477
Dutch	SAY	SAY.1477
Elfdalian	SAY	SAY.1477
English	SAY	SAY.1477
Frisian	SAY	SAY.1477
German	SAY	SAY.1477
Hindi	SAY	SAY.1037
Russian	SAY	SAY.678
Spanish	SAY	SAY.369
Swedish	SAY	SAY.1477
Danish	SCRATCH	SCRATCH.1478
Dutch	SCRATCH	SCRATCH.1556
Elfdalian	SCRATCH	SCRATCH.1424
English	SCRATCH	SCRATCH.1659
Frisian	SCRATCH	SCRATCH.1424
German	SCRATCH	SCRATCH.1659
Hindi	SCRATCH	SCRATCH.630
Russian	SCRATCH	SCRATCH.963
Spanish	SCRATCH	SCRATCH.3547
Swedish	SCRATCH	SCRATCH.1424
Danish	SEA	SEA.1454
Dutch	SEA	SEA.1454
Elfdalian	SEA	SEA.334
English	SEA	SEA.1454
Frisian	SEA	SEA.1454
German	SEA	SEA.1454
Hindi	SEA	SEA.1039
Russian	SEA	SEA.371
Spanish	SEA	SEA.371
Swedish	SEA	SEA.334
Danish	SEE	SEE.1479
Dutch	SEE	SEE.1479
Elfdalian	SEE	SEE.1479
English	SEE	SEE.1479
Frisian	SEE	SEE.1479
German	SEE	SEE.2052
Hindi	SEE	SEE.652
Russian	SEE	SEE.372
Spanish	SEE	SEE.372
Swedish	SEE	SEE.2052
Danish	SEED	SEED.1480
Dutch	SEED	SEED.251
Elfdalian	SEED	SEED.251
English	SEED	SEED.251
Frisian	SEED	SEED.251
German	SEED	SEED.251
Hindi	SEED	SEED.1040
Russian	SEED	SEED.251
Spanish	SEED	SEED.251
Swedish	SEED	SEED.1480
Danish	SEW	SEW.373
Dutch	SEW	SEW.1230
Elfdalian	SEW	SEW.373
English	SEW	SEW.373
Frisian	SEW	SEW.1230
German	SEW	SEW.1230
Hindi	SEW	SEW.373
Russian	SEW	SEW.373
Spanish	SEW	SEW.373
Swedish	SEW	SEW.373
Danish	SHADOW	SHADOW.1481
Dutch	SHADOW	SHADOW.1220
Elfdalian	SHADOW	SHADOW.1481
English	SHADOW	SHADOW.1220
Frisian	SHADOW	SHADOW.1220
German	SHADOW	SHADOW.2053
Hindi	SHADOW	SHADOW.1041
Russian	SHADOW	SHADOW.964
Spanish	SHADOW	SHADOW.374
Swedish	SHADOW	SHADOW.1481
Danish	SHARP	SHARP.1482
Dutch	SHARP	SHARP.1482
Elfdalian	SHARP	SHARP.1603
English	SHARP	SHARP.1482
Frisian	SHARP	SHARP.1482
German	SHARP	SHARP.1482
Hindi	SHARP	SHARP.1117
Russian	SHARP	SHARP.237
Spanish	SHARP	SHARP.8
Swedish	SHARP	SHARP.1482
Danish	SHORT	SHORT.1483
Dutch	SHORT	SHORT.1557
Elfdalian	SHORT	SHORT.1604
English	SHORT	SHORT.1660
Frisian	SHORT	SHORT.1557
German	SHORT	SHORT.2054
Hindi	SHORT	SHORT.1046
Russian	SHORT	SHORT.275
Spanish	SHORT	SHORT.375
Swedish	SHORT	SHORT.4172
Danish	SING	SING.1484
Dutch	SING	SING.1484
Elfdalian	SING	SING.1605
English	SING	SING.1484
Frisian	SING	SING.1484
German	SING	SING.1484
Hindi	SING	SING.720
Russian	SING	SING.965
Spanish	SING	SING.376
Swedish	SING	SING.1484
Danish	SIT	SIT.377
Dutch	SIT	SIT.377
Elfdalian	SIT	SIT.377
English	SIT	SIT.377
Frisian	SIT	SIT.377
German	SIT	SIT.377
Hindi	SIT	SIT.1118
Russian	SIT	SIT.377
Spanish	SIT	SIT.377
Swedish	SIT	SIT.377
Danish	SKIN	SKIN.1485
Dutch	SKIN	SKIN.1485
Elfdalian	SKIN	SKIN.1606
English	SKIN	SKIN.1661
Frisian	SKIN	SKIN.1485
German	SKIN	SKIN.1485
Hindi	SKIN	SKIN.2375
Russian	SKIN	SKIN.1304
Spanish	SKIN	SKIN.378
Swedish	SKIN	SKIN.1606
Danish	SKY	SKY.1486
Dutch	SKY	SKY.1558
Elfdalian	SKY	SKY.1486
English	SKY	SKY.1662
Frisian	SKY	SKY.1558
German	SKY	SKY.1486
Hindi	SKY	SKY.653
Russian	SKY	SKY.3884
Spanish	SKY	SKY.379
Swedish	SKY	SKY.4163
Danish	SLEEP	SLEEP.502
Dutch	SLEEP	SLEEP.1559
Elfdalian	SLEEP	SLEEP.502
English	SLEEP	SLEEP.1559
Frisian	SLEEP	SLEEP.1559
German	SLEEP	SLEEP.1559
Hindi	SLEEP	SLEEP.502
Russian	SLEEP	SLEEP.502
Spanish	SLEEP	SLEEP.380
Swedish	SLEEP	SLEEP.502
Danish	SMALL	SMALL.1487
Dutch	SMALL	SMALL.1560
Elfdalian	SMALL	SMALL.1607
English	SMALL	SMALL.1461
Frisian	SMALL	SMALL.1607
German	SMALL	SMALL.1560
Hindi	SMALL	SMALL.1046
Russian	SMALL	SMALL.967
Spanish	SMALL	SMALL.3548
Swedish	SMALL	SMALL.1607
Danish	SMELL	SMELL.1488
Dutch	SMELL	SMELL.1561
Elfdalian	SMELL	SMELL.1558
English	SMELL	SMELL.1663
Frisian	SMELL	SMELL.1561
German	SMELL	SMELL.1561
Hindi	SMELL	SMELL.1047
Russian	SMELL	SMELL.940
Spanish	SMELL	SMELL.504
Swedish	SMELL	SMELL.4173
Danish	SMOKE	SMOKE.1489
Dutch	SMOKE	SMOKE.1489
Elfdalian	SMOKE	SMOKE.1489
English	SMOKE	SMOKE.1664
Frisian	SMOKE	SMOKE.1489
German	SMOKE	SMOKE.1489
Hindi	SMOKE	SMOKE.383
Russian	SMOKE	SMOKE.383
Spanish	SMOKE	SMOKE.383
Swedish	SMOKE	SMOKE.1489
Danish	SMOOTH	SMOOTH.1490
Dutch	SMOOTH	SMOOTH.968
Elfdalian	SMOOTH	SMOOTH.1608
English	SMOOTH	SMOOTH.1665
Frisian	SMOOTH	SMOOTH.968
German	SMOOTH	SMOOTH.968
Hindi	SMOOTH	SMOOTH.1120
Russian	SMOOTH	SMOOTH.968
Spanish	SMOOTH	SMOOTH.1339
Swedish	SMOOTH	SMOOTH.1490
Danish	SNAKE	SNAKE.1491
Dutch	SNAKE	SNAKE.1562
Elfdalian	SNAKE	SNAKE.417
English	SNAKE	SNAKE.1491
Frisian	SNAKE	SNAKE.1562
German	SNAKE	SNAKE.1562
Hindi	SNAKE	SNAKE.138
Russian	SNAKE	SNAKE.34
Spanish	SNAKE	SNAKE.4157
Swedish	SNAKE	SNAKE.417
Danish	SNOW	SNOW.385
Dutch	SNOW	SNOW.385
Elfdalian	SNOW	SNOW.385
English	SNOW	SNOW.385
Frisian	SNOW	SNOW.385
German	SNOW	SNOW.385
Hindi	SNOW	SNOW.625
Russian	SNOW	SNOW.385
Spanish	SNOW	SNOW.385
Swedish	SNOW	SNOW.385
Danish	SPIT	SPIT.242
Dutch	SPIT	SPIT.242
Elfdalian	SPIT	SPIT.242
English	SPIT	SPIT.242
Frisian	SPIT	SPIT.242
German	SPIT	SPIT.242
Hindi	SPIT	SPIT.1049
Russian	SPIT	SPIT.242
Spanish	SPIT	SPIT.242
Swedish	SPIT	SPIT.242
Danish	STAND	STAND.69
Dutch	STAND	STAND.69
Elfdalian	STAND	STAND.69
English	STAND	STAND.69
Frisian	STAND	STAND.69
German	STAND	STAND.69
Hindi	STAND	STAND.2376
Russian	STAND	STAND.69
Spanish	STAND	STAND.315
Swedish	STAND	STAND.69
Danish	STAR	STAR.387
Dutch	STAR	STAR.387
Elfdalian	STAR	STAR.387
English	STAR	STAR.387
Frisian	STAR	STAR.387
German	STAR	STAR.387
Hindi	STAR	STAR.387
Russian	STAR	STAR.3885
Spanish	STAR	STAR.387
Swedish	STAR	STAR.387
Danish	STICK	STICK.1492
Dutch	STICK	STICK.1563
Elfdalian	STICK	STICK.1609
English	STICK	STICK.1563
Frisian	STICK	STICK.1563
German	STICK	STICK.1563
Hindi	STICK	STICK.654
Russian	STICK	STICK.3377
Spanish	STICK	STICK.1340
Swedish	STICK	STICK.8
Danish	STONE	STONE.1493
Dutch	STONE	STONE.1493
Elfdalian	STONE	STONE.1493
English	STONE	STONE.1493
Frisian	STONE	STONE.1493
German	STONE	STONE.1493
Hindi	STONE	STONE.655
Russian	STONE	STONE.237
Spanish	STONE	STONE.389
Swedish	STONE	STONE.1493
Danish	STRAIGHT	STRAIGHT.390
Dutch	STRAIGHT	STRAIGHT.390
Elfdalian	STRAIGHT	STRAIGHT.390
English	STRAIGHT	STRAIGHT.1666
Frisian	STRAIGHT	STRAIGHT.390
German	STRAIGHT	STRAIGHT.2037
Hindi	STRAIGHT	STRAIGHT.488
Russian	STRAIGHT	STRAIGHT.3886
Spanish	STRAIGHT	STRAIGHT.390
Swedish	STRAIGHT	STRAIGHT.390
Danish	SUN	SUN.391
Dutch	SUN	SUN.391
Elfdalian	SUN	SUN.391
English	SUN	SUN.391
Frisian	SUN	SUN.391
German	SUN	SUN.391
Hindi	SUN	SUN.391
Russian	SUN	SUN.391
Spanish	SUN	SUN.391
Swedish	SUN	SUN.391
Danish	SWEET	SWEET.1494
Dutch	SWEET	SWEET.1494
Elfdalian	SWEET	SWEET.1494
English	SWEET	SWEET.1494
Frisian	SWEET	SWEET.1494
German	SWEET	SWEET.1494
Hindi	SWEET	SWEET.1052
Russian	SWEET	SWEET.3887
Spanish	SWEET	SWEET.392
Swedish	SWEET	SWEET.1494
Danish	SWELL	SWELL.1495
Dutch	SWELL	SWELL.1495
Elfdalian	SWELL	SWELL.1495
English	SWELL	SWELL.1495
Frisian	SWELL	SWELL.1495
German	SWELL	SWELL.1495
Hindi	SWELL	SWELL.656
Russian	SWELL	SWELL.972
Spanish	SWELL	SWELL.283
Swedish	SWELL	SWELL.1495
Danish	SWIM	SWIM.1496
Dutch	SWIM	SWIM.1496
Elfdalian	SWIM	SWIM.1496
English	SWIM	SWIM.1496
Frisian	SWIM	SWIM.1496
German	SWIM	SWIM.1496
Hindi	SWIM	SWIM.1053
Russian	SWIM	SWIM.361
Spanish	SWIM	SWIM.393
Swedish	SWIM	SWIM.1496
Danish	TAIL	TAIL.1497
Dutch	TAIL	TAIL.1497
Elfdalian	TAIL	TAIL.1610
English	TAIL	TAIL.1667
Frisian	TAIL	TAIL.1497
German	TAIL	TAIL.2038
Hindi	TAIL	TAIL.1123
Russian	TAIL	TAIL.973
Spanish	TAIL	TAIL.4158
Swedish	TAIL	TAIL.8
Danish	TAKE	TAKE.1498
Dutch	TAKE	TAKE.1379
Elfdalian	TAKE	TAKE.1498
English	TAKE	TAKE.1668
Frisian	TAKE	TAKE.1379
German	TAKE	TAKE.1379
Hindi	TAKE	TAKE.1124
Russian	TAKE	TAKE.553
Spanish	TAKE	TAKE.3334
Swedish	TAKE	TAKE.8
Danish	THAT	THAT.151
Dutch	THAT	THAT.151
Elfdalian	THAT	THAT.151
English	THAT	THAT.151
Frisian	THAT	THAT.151
German	THAT	THAT.151
Hindi	THAT	THAT.1125
Russian	THAT	THAT.151
Spanish	THAT	THAT.151
Swedish	THAT	THAT.151
Danish	THERE	THERE.152
Dutch	THERE	THERE.152
Elfdalian	THERE	THERE.152
English	THERE	THERE.152
Frisian	THERE	THERE.152
German	THERE	THERE.152
Hindi	THERE	THERE.731
Russian	THERE	THERE.152
Spanish	THERE	THERE.396
Swedish	THERE	THERE.152
Danish	THEY	THEY.153
Dutch	THEY	THEY.153
Elfdalian	THEY	THEY.153
English	THEY	THEY.1669
Frisian	THEY	THEY.1747
German	THEY	THEY.153
Hindi	THEY	THEY.1126
Russian	THEY	THEY.974
Spanish	THEY	THEY.397
Swedish	THEY	THEY.153
Danish	THICK	THICK.1240
Dutch	THICK	THICK.1240
Elfdalian	THICK	THICK.1240
English	THICK	THICK.1240
Frisian	THICK	THICK.1240
German	THICK	THICK.1240
Hindi	THICK	THICK.1056
Russian	THICK	THICK.975
Spanish	THICK	THICK.1725
Swedish	THICK	THICK.1240
Danish	THIGH	THIGH.1499
Dutch	THIGH	THIGH.1564
Elfdalian	THIGH	THIGH.1499
English	THIGH	THIGH.1564
Frisian	THIGH	THIGH.1748
German	THIGH	THIGH.2040
Hindi	THIGH	THIGH.1127
Russian	THIGH	THIGH.3888
Spanish	THIGH	THIGH.4159
Swedish	THIGH	THIGH.1499
Danish	THIN	THIN.977
Dutch	THIN	THIN.977
Elfdalian	THIN	THIN.1611
English	THIN	THIN.977
Frisian	THIN	THIN.977
German	THIN	THIN.977
Hindi	THIN	THIN.1108
Russian	THIN	THIN.977
Spanish	THIN	THIN.4160
Swedish	THIN	THIN.977
Danish	THINK	THINK.1500
Dutch	THINK	THINK.1565
Elfdalian	THINK	THINK.1500
English	THINK	THINK.1565
Frisian	THINK	THINK.1565
German	THINK	THINK.1565
Hindi	THINK	THINK.1128
Russian	THINK	THINK.3889
Spanish	THINK	THINK.1328
Swedish	THINK	THINK.1500
Danish	THIS	THIS.153
Dutch	THIS	THIS.153
Elfdalian	THIS	THIS.153
English	THIS	THIS.153
Frisian	THIS	THIS.153
German	THIS	THIS.153
Hindi	THIS	THIS.733
Russian	THIS	THIS.153
Spanish	THIS	THIS.8
Swedish	THIS	THIS.2461
Danish	THREE	THREE.157
Dutch	THREE	THREE.157
Elfdalian	THREE	THREE.157
English	THREE	THREE.157
Frisian	THREE	THREE.157
German	THREE	THREE.157
Hindi	THREE	THREE.157
Russian	THREE	THREE.157
Spanish	THREE	THREE.157
Swedish	THREE	THREE.157
Danish	THROW	THROW.1501
Dutch	THROW	THROW.1566
Elfdalian	THROW	THROW.1612
English	THROW	THROW.1570
Frisian	THROW	THROW.1566
German	THROW	THROW.1703
Hindi	THROW	THROW.1129
Russian	THROW	THROW.3890
Spanish	THROW	THROW.1335
Swedish	THROW	THROW.1503
Danish	TIE	TIE.79
Dutch	TIE	TIE.1567
Elfdalian	TIE	TIE.79
English	TIE	TIE.1670
Frisian	TIE	TIE.627
German	TIE	TIE.627
Hindi	TIE	TIE.627
Russian	TIE	TIE.477
Spanish	TIE	TIE.208
Swedish	TIE	TIE.4174
Danish	TONGUE	TONGUE.402
Dutch	TONGUE	TONGUE.402
Elfdalian	TONGUE	TONGUE.402
English	TONGUE	TONGUE.402
Frisian	TONGUE	TONGUE.8
German	TONGUE	TONGUE.402
Hindi	TONGUE	TONGUE.402
Russian	TONGUE	TONGUE.402
Spanish	TONGUE	TONGUE.402
Swedish	TONGUE	TONGUE.402
Danish	TOOTH	TOOTH.403
Dutch	TOOTH	TOOTH.403
Elfdalian	TOOTH	TOOTH.403
English	TOOTH	TOOTH.403
Frisian	TOOTH	TOOTH.403
German	TOOTH	TOOTH.403
Hindi	TOOTH	TOOTH.403
Russian	TOOTH	TOOTH.161
Spanish	TOOTH	TOOTH.403
Swedish	TOOTH	TOOTH.403
Danish	TREE	TREE.248
Dutch	TREE	TREE.1568
Elfdalian	TREE	TREE.248
English	TREE	TREE.248
Frisian	TREE	TREE.1568
German	TREE	TREE.2055
Hindi	TREE	TREE.1130
Russian	TREE	TREE.248
Spanish	TREE	TREE.404
Swedish	TREE	TREE.248
Danish	TRUE	TRUE.390
Dutch	TRUE	TRUE.1569
Elfdalian	TRUE	TRUE.390
English	TRUE	TRUE.390
Frisian	TRUE	TRUE.405
German	TRUE	TRUE.405
Hindi	TRUE	TRUE.2377
Russian	TRUE	TRUE.3883
Spanish	TRUE	TRUE.1343
Swedish	TRUE	TRUE.390
Danish	TURN	TURN.1502
Dutch	TURN	TURN.1570
Elfdalian	TURN	TURN.1612
English	TURN	TURN.1671
Frisian	TURN	TURN.1570
German	TURN	TURN.1612
Hindi	TURN	TURN.2378
Russian	TURN	TURN.273
Spanish	TURN	TURN.1344
Swedish	TURN	TURN.1612
Danish	TWO	TWO.165
Dutch	TWO	TWO.165
Elfdalian	TWO	TWO.165
English	TWO	TWO.165
Frisian	TWO	TWO.165
German	TWO	TWO.165
Hindi	TWO	TWO.165
Russian	TWO	TWO.165
Spanish	TWO	TWO.165
Swedish	TWO	TWO.165
Danish	VOMIT	VOMIT.1503
Dutch	VOMIT	VOMIT.242
Elfdalian	VOMIT	VOMIT.242
English	VOMIT	VOMIT.1672
Frisian	VOMIT	VOMIT.242
German	VOMIT	VOMIT.1442
Hindi	VOMIT	VOMIT.1132
Russian	VOMIT	VOMIT.78
Spanish	VOMIT	VOMIT.407
Swedish	VOMIT	VOMIT.1503
Danish	WALK	WALK.1504
Dutch	WALK	WALK.1475
Elfdalian	WALK	WALK.1504
English	WALK	WALK.1673
Frisian	WALK	WALK.959
German	WALK	WALK.8
Hindi	WALK	WALK.2379
Russian	WALK	WALK.377
Spanish	WALK	WALK.1760
Swedish	WALK	WALK.1504
Danish	WASH	WASH.1505
Dutch	WASH	WASH.1571
Elfdalian	WASH	WASH.1613
English	WASH	WASH.1571
Frisian	WASH	WASH.1571
German	WASH	WASH.1571
Hindi	WASH	WASH.660
Russian	WASH	WASH.3891
Spanish	WASH	WASH.148
Swedish	WASH	WASH.2069
Danish	WATER	WATER.168
Dutch	WATER	WATER.168
Elfdalian	WATER	WATER.168
English	WATER	WATER.168
Frisian	WATER	WATER.168
German	WATER	WATER.168
Hindi	WATER	WATER.30
Russian	WATER	WATER.168
Spanish	WATER	WATER.409
Swedish	WATER	WATER.168
Danish	WE	WE.169
Dutch	WE	WE.169
Elfdalian	WE	WE.169
English	WE	WE.169
Frisian	WE	WE.169
German	WE	WE.169
Hindi	WE	WE.169
Russian	WE	WE.169
Spanish	WE	WE.169
Swedish	WE	WE.169
Danish	WET	WET.168
Dutch	WET	WET.1572
Elfdalian	WET	WET.1614
English	WET	WET.168
Frisian	WET	WET.168
German	WET	WET.1572
Hindi	WET	WET.1064
Russian	WET	WET.982
Spanish	WET	WET.410
Swedish	WET	WET.168
Danish	WHAT	WHAT.171
Dutch	WHAT	WHAT.171
Elfdalian	WHAT	WHAT.171
English	WHAT	WHAT.171
Frisian	WHAT	WHAT.171
German	WHAT	WHAT.171
Hindi	WHAT	WHAT.171
Russian	WHAT	WHAT.171
Spanish	WHAT	WHAT.171
Swedish	WHAT	WHAT.171
Danish	WHEN	WHEN.172
Dutch	WHEN	WHEN.172
Elfdalian	WHEN	WHEN.172
English	WHEN	WHEN.172
Frisian	WHEN	WHEN.172
German	WHEN	WHEN.172
Hindi	WHEN	WHEN.172
Russian	WHEN	WHEN.172
Spanish	WHEN	WHEN.172
Swedish	WHEN	WHEN.172
Danish	WHERE	WHERE.172
Dutch	WHERE	WHERE.172
Elfdalian	WHERE	WHERE.172
English	WHERE	WHERE.172
Frisian	WHERE	WHERE.1749
German	WHERE	WHERE.172
Hindi	WHERE	WHERE.172
Russian	WHERE	WHERE.172
Spanish	WHERE	WHERE.172
Swedish	WHERE	WHERE.172
Danish	WHITE	WHITE.900
Dutch	WHITE	WHITE.900
Elfdalian	WHITE	WHITE.900
English	WHITE	WHITE.900
Frisian	WHITE	WHITE.900
German	WHITE	WHITE.900
Hindi	WHITE	WHITE.2380
Russian	WHITE	WHITE.983
Spanish	WHITE	WHITE.411
Swedish	WHITE	WHITE.900
Danish	WHO	WHO.171
Dutch	WHO	WHO.171
Elfdalian	WHO	WHO.1615
English	WHO	WHO.171
Frisian	WHO	WHO.171
German	WHO	WHO.171
Hindi	WHO	WHO.171
Russian	WHO	WHO.171
Spanish	WHO	WHO.171
Swedish	WHO	WHO.171
Danish	WIDE	WIDE.1506
Dutch	WIDE	WIDE.1506
Elfdalian	WIDE	WIDE.1506
English	WIDE	WIDE.1674
Frisian	WIDE	WIDE.1674
German	WIDE	WIDE.1674
Hindi	WIDE	WIDE.1066
Russian	WIDE	WIDE.984
Spanish	WIDE	WIDE.1347
Swedish	WIDE	WIDE.1674
Danish	WIND	WIND.413
Dutch	WIND	WIND.413
Elfdalian	WIND	WIND.283
English	WIND	WIND.413
Frisian	WIND	WIND.413
German	WIND	WIND.413
Hindi	WIND	WIND.1067
Russian	WIND	WIND.413
Spanish	WIND	WIND.413
Swedish	WIND	WIND.413
Danish	WING	WING.1507
Dutch	WING	WING.1417
Elfdalian	WING	WING.1507
English	WING	WING.1675
Frisian	WING	WING.1750
German	WING	WING.1417
Hindi	WING	WING.1072
Russian	WING	WING.985
Spanish	WING	WING.414
Swedish	WING	WING.4175
Danish	WITH	WITH.176
Dutch	WITH	WITH.176
Elfdalian	WITH	WITH.176
English	WITH	WITH.1676
Frisian	WITH	WITH.176
German	WITH	WITH.176
Hindi	WITH	WITH.482
Russian	WITH	WITH.482
Spanish	WITH	WITH.1254
Swedish	WITH	WITH.176
Danish	WOMAN	WOMAN.1508
Dutch	WOMAN	WOMAN.1573
Elfdalian	WOMAN	WOMAN.527
English	WOMAN	WOMAN.1677
Frisian	WOMAN	WOMAN.1573
German	WOMAN	WOMAN.1573
Hindi	WOMAN	WOMAN.663
Russian	WOMAN	WOMAN.527
Spanish	WOMAN	WOMAN.1410
Swedish	WOMAN	WOMAN.527
Danish	WORM	WORM.417
Dutch	WORM	WORM.417
Elfdalian	WORM	WORM.1616
English	WORM	WORM.417
Frisian	WORM	WORM.417
German	WORM	WORM.417
Hindi	WORM	WORM.1136
Russian	WORM	WORM.178
Spanish	WORM	WORM.3551
Swedish	WORM	WORM.1616
Danish	YEAR	YEAR.1509
Dutch	YEAR	YEAR.1509
Elfdalian	YEAR	YEAR.1509
English	YEAR	YEAR.1509
Frisian	YEAR	YEAR.1509
German	YEAR	YEAR.1509
Hindi	YEAR	YEAR.2381
Russian	YEAR	YEAR.3892
Spanish	YEAR	YEAR.418
Swedish	YEAR	YEAR.1509
Danish	YELLOW	YELLOW.687
Dutch	YELLOW	YELLOW.687
Elfdalian	YELLOW	YELLOW.687
English	YELLOW	YELLOW.687
Frisian	YELLOW	YELLOW.687
German	YELLOW	YELLOW.687
Hindi	YELLOW	YELLOW.1138
Russian	YELLOW	YELLOW.687
Spanish	YELLOW	YELLOW.280
Swedish	YELLOW	YELLOW.687
Danish	YESTERDAY	YESTERDAY.65
Dutch	YESTERDAY	YESTERDAY.65
Elfdalian	YESTERDAY	YESTERDAY.65
English	YESTERDAY	YESTERDAY.65
Frisian	YESTERDAY	YESTERDAY.65
German	YESTERDAY	YESTERDAY.2056
Hindi	YESTERDAY	YESTERDAY.1069
Russian	YESTERDAY	YESTERDAY.480
Spanish	YESTERDAY	YESTERDAY.65
Swedish	YESTERDAY	YESTERDAY.2056
Danish	YOU_PL.	YOU_PL.181
Dutch	YOU_PL.	YOU_PL.181
Elfdalian	YOU_PL.	YOU_PL.181
English	YOU_PL.	YOU_PL.181
Frisian	YOU_PL.	YOU_PL.181
German	YOU_PL.	YOU_PL.181
Hindi	YOU_PL.	YOU_PL.2382
Russian	YOU_PL.	YOU_PL.181
Spanish	YOU_PL.	YOU_PL.181
Swedish	YOU_PL.	YOU_PL.181
Danish	YOU_SG.	YOU_SG.182
Dutch	YOU_SG.	YOU_SG.181
Elfdalian	YOU_SG.	YOU_SG.182
English	YOU_SG.	YOU_SG.182
Frisian	YOU_SG.	YOU_SG.182
German	YOU_SG.	YOU_SG.182
Hindi	YOU_SG.	YOU_SG.182
Russian	YOU_SG.	YOU_SG.182
Spanish	YOU_SG.	YOU_SG.182
Swedish	YOU_SG.	YOU_SG.182
