ID,Parameter_ID,Value,Form,Segments,Cognacy,Loan,Borrowing,Language_ID,Language_Name,Glottocode,Glottolog_Name,ISO639P3code,Family,SubGroup,Parameter_Name,Concepticon_ID,Concepticon_Gloss,Cognacy_Doubt,Cognate_Detection_Method
tashatujia-42_i-1,42_i,ŋa24,ŋ.a.²⁴,ŋ a ²⁴,59,false,,tashatujia,Tasha_Tujia,nort2732,Northern Tujia,tji,Sino-Tibetan,,I,1209,I,false,expert
duogutujia-42_i-1,42_i,ŋa24,ŋ.a.²⁴,ŋ a ²⁴,59,false,,duogutujia,Duogu_Tujia,nort2732,Northern Tujia,tji,Sino-Tibetan,,I,1209,I,false,expert
dianfangtujia-42_i-1,42_i,ŋa35,ŋ.a.³⁵,ŋ a ³⁵,59,false,,dianfangtujia,Dianfang_Tujia,nort2732,Northern Tujia,tji,Sino-Tibetan,,I,1209,I,false,expert
boluotujia-42_i-1,42_i,ŋo33,ŋ.o.³³,ŋ o ³³,59,false,,boluotujia,Boluo_Tujia,sout2739,Southern Tujia,tjs,Sino-Tibetan,,I,1209,I,false,expert
tanxitujia-42_i-1,42_i,ŋo33,ŋ.o.³³,ŋ o ³³,59,false,,tanxitujia,Tanxi_Tujia,sout2739,Southern Tujia,tjs,Sino-Tibetan,,I,1209,I,false,expert
tashatujia-1_all-1,1_all,xu24-ni55,x.u.²⁴.n.i.⁵⁵,x u ²⁴ + n i ⁵⁵,1,false,,tashatujia,Tasha_Tujia,nort2732,Northern Tujia,tji,Sino-Tibetan,,all,98,ALL,false,expert
duogutujia-1_all-1,1_all,xu24-ni44,x.u.²⁴.n.i.⁴⁴,x u ²⁴ + n i ⁴⁴,1,false,,duogutujia,Duogu_Tujia,nort2732,Northern Tujia,tji,Sino-Tibetan,,all,98,ALL,false,expert
dianfangtujia-1_all-1,1_all,xu35-ni55,x.u.³⁵.n.i.⁵⁵,x u ³⁵ + n i ⁵⁵,1,false,,dianfangtujia,Dianfang_Tujia,nort2732,Northern Tujia,tji,Sino-Tibetan,,all,98,ALL,false,expert
boluotujia-1_all-1,1_all,bu13=li53,b.u.¹³.l.i.⁵³,b u ¹³ + l i ⁵³,2,false,,boluotujia,Boluo_Tujia,sout2739,Southern Tujia,tjs,Sino-Tibetan,,all,98,ALL,false,expert
tanxitujia-1_all-1,1_all,bu13,b.u.¹³,b u ¹³,2,false,,tanxitujia,Tanxi_Tujia,sout2739,Southern Tujia,tjs,Sino-Tibetan,,all,98,ALL,false,expert
tashatujia-2_ashes-1,2_ashes,pu21=ɕʰi24,p.u.²¹.tɕʰ.i.²⁴,p u ²¹ + tɕʰ i ²⁴,3,false,,tashatujia,Tasha_Tujia,nort2732,Northern Tujia,tji,Sino-Tibetan,,ashes,646,ASH,false,expert
duogutujia-2_ashes-1,2_ashes,pu21=cʰi53,p.u.²¹.tsʰ.i.⁵³,p u ²¹ + tsʰ i ⁵³,3,false,,duogutujia,Duogu_Tujia,nort2732,Northern Tujia,tji,Sino-Tibetan,,ashes,646,ASH,false,expert
dianfangtujia-2_ashes-1,2_ashes,pu21=cʰi35,p.u.²¹.tsʰ.i.³⁵,p u ²¹ + tsʰ i ³⁵,3,false,,dianfangtujia,Dianfang_Tujia,nort2732,Northern Tujia,tji,Sino-Tibetan,,ashes,646,ASH,false,expert
boluotujia-2_ashes-1,2_ashes,mu21=cʰi53,m.u.²¹.tsʰ.i.⁵³,m u ²¹ + tsʰ i ⁵³,3,false,,boluotujia,Boluo_Tujia,sout2739,Southern Tujia,tjs,Sino-Tibetan,,ashes,646,ASH,false,expert
tanxitujia-2_ashes-1,2_ashes,mu13=cʰi55,m.u.¹³.tsʰ.i.⁵⁵,m u ¹³ + tsʰ i ⁵⁵,3,false,,tanxitujia,Tanxi_Tujia,sout2739,Southern Tujia,tjs,Sino-Tibetan,,ashes,646,ASH,false,expert
tashatujia-3_bark-1,3_bark,kʰa21=tʰa24-pʰa21,kʰ.a.²¹.tʰ.a.²⁴.pʰ.a.²¹,kʰ a ²¹ + tʰ a ²⁴ + pʰ a ²¹,4,false,,tashatujia,Tasha_Tujia,nort2732,Northern Tujia,tji,Sino-Tibetan,,bark,1204,BARK,false,expert
tashatujia-4_belly-1,4_belly,mɤ21-cʰi21-kʰɤ55,m.ɤ.²¹.tsʰ.i.²¹.kʰ.ɤ.⁵⁵,m ɤ ²¹ + tsʰ i ²¹ + kʰ ɤ ⁵⁵,5,false,,tashatujia,Tasha_Tujia,nort2732,Northern Tujia,tji,Sino-Tibetan,,belly,1251,BELLY,false,expert
duogutujia-4_belly-1,4_belly,mɨe21,m.ɨ.e.²¹,m ɨ e ²¹,5,false,,duogutujia,Duogu_Tujia,nort2732,Northern Tujia,tji,Sino-Tibetan,,belly,1251,BELLY,false,expert
dianfangtujia-4_belly-1,4_belly,mɨe21,m.ɨ.e.²¹,m ɨ e ²¹,5,false,,dianfangtujia,Dianfang_Tujia,nort2732,Northern Tujia,tji,Sino-Tibetan,,belly,1251,BELLY,false,expert
boluotujia-4_belly-1,4_belly,mɨe21-ɕi53,m.ɨ.e.²¹.tɕ.i.⁵³,m ɨ e ²¹ + tɕ i ⁵³,5,false,,boluotujia,Boluo_Tujia,sout2739,Southern Tujia,tjs,Sino-Tibetan,,belly,1251,BELLY,false,expert
tanxitujia-4_belly-1,4_belly,mɨe13-ɕi55,m.ɨ.e.¹³.tɕ.i.⁵⁵,m ɨ e ¹³ + tɕ i ⁵⁵,5,false,,tanxitujia,Tanxi_Tujia,sout2739,Southern Tujia,tjs,Sino-Tibetan,,belly,1251,BELLY,false,expert
tashatujia-5_big-1,5_big,cʰi21,tsʰ.i.²¹,tsʰ i ²¹,6,false,,tashatujia,Tasha_Tujia,nort2732,Northern Tujia,tji,Sino-Tibetan,,big,1202,BIG,false,expert
duogutujia-5_big-1,5_big,cʰi53,tsʰ.i.⁵³,tsʰ i ⁵³,6,false,,duogutujia,Duogu_Tujia,nort2732,Northern Tujia,tji,Sino-Tibetan,,big,1202,BIG,false,expert
dianfangtujia-5_big-1,5_big,cʰi55,tsʰ.i.⁵⁵,tsʰ i ⁵⁵,6,false,,dianfangtujia,Dianfang_Tujia,nort2732,Northern Tujia,tji,Sino-Tibetan,,big,1202,BIG,false,expert
boluotujia-5_big-1,5_big,ɕʰi33,tɕʰ.i.³³,tɕʰ i ³³,6,false,,boluotujia,Boluo_Tujia,sout2739,Southern Tujia,tjs,Sino-Tibetan,,big,1202,BIG,false,expert
tanxitujia-5_big-1,5_big,ɕʰi33,tɕʰ.i.³³,tɕʰ i ³³,6,false,,tanxitujia,Tanxi_Tujia,sout2739,Southern Tujia,tjs,Sino-Tibetan,,big,1202,BIG,false,expert
tashatujia-6_bird-1,6_bird,ni̯ɛ24-pi55 ~ ni24-pi55,n.j.ɛ.²⁴.p.i.⁵⁵,n j ɛ ²⁴ + p i ⁵⁵,7,false,,tashatujia,Tasha_Tujia,nort2732,Northern Tujia,tji,Sino-Tibetan,,bird,937,BIRD,false,expert
duogutujia-6_bird-1,6_bird,nie21-pi53,n.i.e.²¹.p.i.⁵³,n i e ²¹ + p i ⁵³,7,false,,duogutujia,Duogu_Tujia,nort2732,Northern Tujia,tji,Sino-Tibetan,,bird,937,BIRD,false,expert
dianfangtujia-6_bird-1,6_bird,ne35-pi35,n.e.³⁵.p.i.³⁵,n e ³⁵ + p i ³⁵,7,false,,dianfangtujia,Dianfang_Tujia,nort2732,Northern Tujia,tji,Sino-Tibetan,,bird,937,BIRD,false,expert
boluotujia-6_bird-1,6_bird,kɨ21-co21-nũ21,k.ɨ.²¹.ts.o.²¹.n.ũ.∼.²¹,k ɨ ²¹ + ts o ²¹ + n ũ ²¹,8,false,,boluotujia,Boluo_Tujia,sout2739,Southern Tujia,tjs,Sino-Tibetan,,bird,937,BIRD,false,expert
tanxitujia-6_bird-1,6_bird,kɨ21-co21,k.ɨ.²¹.ts.o.²¹,k ɨ ²¹ + ts o ²¹,8,false,,tanxitujia,Tanxi_Tujia,sout2739,Southern Tujia,tjs,Sino-Tibetan,,bird,937,BIRD,false,expert
tashatujia-7_bite-1,7_bite,ka24,k.a.²⁴,k a ²⁴,9,false,,tashatujia,Tasha_Tujia,nort2732,Northern Tujia,tji,Sino-Tibetan,,bite,1403,BITE,false,expert
duogutujia-7_bite-1,7_bite,ka24,k.a.²⁴,k a ²⁴,9,false,,duogutujia,Duogu_Tujia,nort2732,Northern Tujia,tji,Sino-Tibetan,,bite,1403,BITE,false,expert
boluotujia-7_bite-1,7_bite,go13,ɡ.o.¹³,ɡ o ¹³,9,false,,boluotujia,Boluo_Tujia,sout2739,Southern Tujia,tjs,Sino-Tibetan,,bite,1403,BITE,false,expert
tashatujia-8_black-1,8_black,laŋ24-ka55,l.a.ŋ.²⁴.k.a.⁵⁵,l a ŋ ²⁴ + k a ⁵⁵,10,false,,tashatujia,Tasha_Tujia,nort2732,Northern Tujia,tji,Sino-Tibetan,,black,163,BLACK,false,expert
duogutujia-8_black-1,8_black,lã44-ka44-tie21,l.ã.∼.⁴⁴.k.a.⁴⁴.t.i.e.²¹,l ã ⁴⁴ + k a ⁴⁴ + t i e ²¹,10,false,,duogutujia,Duogu_Tujia,nort2732,Northern Tujia,tji,Sino-Tibetan,,black,163,BLACK,false,expert
dianfangtujia-8_black-1,8_black,lã35-ka55,l.ã.∼.³⁵.k.a.⁵⁵,l ã ³⁵ + k a ⁵⁵,10,false,,dianfangtujia,Dianfang_Tujia,nort2732,Northern Tujia,tji,Sino-Tibetan,,black,163,BLACK,false,expert
boluotujia-8_black-1,8_black,no21,n.o.²¹,n o ²¹,10,false,,boluotujia,Boluo_Tujia,sout2739,Southern Tujia,tjs,Sino-Tibetan,,black,163,BLACK,false,expert
tanxitujia-8_black-1,8_black,lo21,l.o.²¹,l o ²¹,10,false,,tanxitujia,Tanxi_Tujia,sout2739,Southern Tujia,tjs,Sino-Tibetan,,black,163,BLACK,false,expert
tashatujia-9_blood-1,9_blood,mi̯ɛ21,m.j.ɛ.²¹,m j ɛ ²¹,11,false,,tashatujia,Tasha_Tujia,nort2732,Northern Tujia,tji,Sino-Tibetan,,blood,946,BLOOD,false,expert
duogutujia-9_blood-1,9_blood,mie53,m.i.e.⁵³,m i e ⁵³,11,false,,duogutujia,Duogu_Tujia,nort2732,Northern Tujia,tji,Sino-Tibetan,,blood,946,BLOOD,false,expert
dianfangtujia-9_blood-1,9_blood,me55,m.e.⁵⁵,m e ⁵⁵,11,false,,dianfangtujia,Dianfang_Tujia,nort2732,Northern Tujia,tji,Sino-Tibetan,,blood,946,BLOOD,false,expert
boluotujia-9_blood-1,9_blood,mie21-mie21,m.i.e.²¹.m.i.e.²¹,m i e ²¹ + m i e ²¹,11,false,,boluotujia,Boluo_Tujia,sout2739,Southern Tujia,tjs,Sino-Tibetan,,blood,946,BLOOD,false,expert
tanxitujia-9_blood-1,9_blood,me21-me21,m.e.²¹.m.e.²¹,m e ²¹ + m e ²¹,11,false,,tanxitujia,Tanxi_Tujia,sout2739,Southern Tujia,tjs,Sino-Tibetan,,blood,946,BLOOD,false,expert
tashatujia-10_bone-1,10_bone,lu55-ka55,l.u.⁵⁵.k.a.⁵⁵,l u ⁵⁵ + k a ⁵⁵,12,false,,tashatujia,Tasha_Tujia,nort2732,Northern Tujia,tji,Sino-Tibetan,,bone,1394,BONE,false,expert
duogutujia-10_bone-1,10_bone,lu44-ka44,l.u.⁴⁴.k.a.⁴⁴,l u ⁴⁴ + k a ⁴⁴,12,false,,duogutujia,Duogu_Tujia,nort2732,Northern Tujia,tji,Sino-Tibetan,,bone,1394,BONE,false,expert
dianfangtujia-10_bone-1,10_bone,lu55-ka55,l.u.⁵⁵.k.a.⁵⁵,l u ⁵⁵ + k a ⁵⁵,12,false,,dianfangtujia,Dianfang_Tujia,nort2732,Northern Tujia,tji,Sino-Tibetan,,bone,1394,BONE,false,expert
boluotujia-10_bone-1,10_bone,kʰa21-kʰɨe53,kʰ.a.²¹.kʰ.ɨ.e.⁵³,kʰ a ²¹ + kʰ ɨ e ⁵³,13,false,,boluotujia,Boluo_Tujia,sout2739,Southern Tujia,tjs,Sino-Tibetan,,bone,1394,BONE,false,expert
tanxitujia-10_bone-1,10_bone,kʰa21-kɨ21,kʰ.a.²¹.k.ɨ.²¹,kʰ a ²¹ + k ɨ ²¹,13,false,,tanxitujia,Tanxi_Tujia,sout2739,Southern Tujia,tjs,Sino-Tibetan,,bone,1394,BONE,false,expert
tashatujia-11_breast-1,11_breast,li55=ku̯ɔ55-cʰɔŋ55,l.i.⁵⁵.k.w.ɔ.⁵⁵.tsʰ.ɔ.ŋ.⁵⁵,l i ⁵⁵ + k w ɔ ⁵⁵ + tsʰ ɔ ŋ ⁵⁵,14,false,,tashatujia,Tasha_Tujia,nort2732,Northern Tujia,tji,Sino-Tibetan,,breast,1402,BREAST,false,expert
duogutujia-11_breast-1,11_breast,ʆĩ44-tʰã21,ɕ.ĩ.∼.⁴⁴.tʰ.ã.∼.²¹,ɕ ĩ ⁴⁴ + tʰ ã ²¹,-166,true,,duogutujia,Duogu_Tujia,nort2732,Northern Tujia,tji,Sino-Tibetan,,breast,1402,BREAST,false,expert
dianfangtujia-11_breast-1,11_breast,li55=kʰo55-cʰũ55,l.i.⁵⁵.kʰ.o.⁵⁵.tsʰ.ũ.∼.⁵⁵,l i ⁵⁵ + kʰ o ⁵⁵ + tsʰ ũ ⁵⁵,14,false,,dianfangtujia,Dianfang_Tujia,nort2732,Northern Tujia,tji,Sino-Tibetan,,breast,1402,BREAST,false,expert
boluotujia-11_breast-1,11_breast,dẽ33=go13-lẽ33,d.ẽ.∼.³³.ɡ.o.¹³.l.ẽ.∼.³³,d ẽ ³³ + ɡ o ¹³ + l ẽ ³³,14,false,,boluotujia,Boluo_Tujia,sout2739,Southern Tujia,tjs,Sino-Tibetan,,breast,1402,BREAST,false,expert
tanxitujia-11_breast-1,11_breast,ʆiõ55-kẽ21-ʓiã21,ɕ.i.õ.∼.⁵⁵.k.ẽ.∼.²¹.dʑ.i.ã.∼.²¹,ɕ i õ ⁵⁵ + k ẽ ²¹ + dʑ i ã ²¹,15,false,,tanxitujia,Tanxi_Tujia,sout2739,Southern Tujia,tjs,Sino-Tibetan,,breast,1402,BREAST,false,expert
tashatujia-12_burntr-1,12_burntr,za21,z.a.²¹,z a ²¹,16,false,,tashatujia,Tasha_Tujia,nort2732,Northern Tujia,tji,Sino-Tibetan,,burn tr.,141,BURN (SOMETHING),false,expert
duogutujia-12_burntr-1,12_burntr,ɕiau44,tɕ.i.a.u.⁴⁴,tɕ i a u ⁴⁴,17,false,,duogutujia,Duogu_Tujia,nort2732,Northern Tujia,tji,Sino-Tibetan,,burn tr.,141,BURN (SOMETHING),false,expert
boluotujia-12_burntr-1,12_burntr,ɕiaʉ33,tɕ.i.a.ʉ.³³,tɕ i a ʉ ³³,17,false,,boluotujia,Boluo_Tujia,sout2739,Southern Tujia,tjs,Sino-Tibetan,,burn tr.,141,BURN (SOMETHING),false,expert
tashatujia-13_clawnail-1,13_clawnail,kʰu̯ɔ24-tʰa55,kʰ.w.ɔ.²⁴.tʰ.a.⁵⁵,kʰ w ɔ ²⁴ + tʰ a ⁵⁵,18,false,,tashatujia,Tasha_Tujia,nort2732,Northern Tujia,tji,Sino-Tibetan,,claw (nail),2128,CLAW OR NAIL,false,expert
duogutujia-13_clawnail-1,13_clawnail,kʰo53-tʰa53,kʰ.o.⁵³.tʰ.a.⁵³,kʰ o ⁵³ + tʰ a ⁵³,18,false,,duogutujia,Duogu_Tujia,nort2732,Northern Tujia,tji,Sino-Tibetan,,claw (nail),2128,CLAW OR NAIL,false,expert
dianfangtujia-13_clawnail-1,13_clawnail,kʰo55-tʰa55,kʰ.o.⁵⁵.tʰ.a.⁵⁵,kʰ o ⁵⁵ + tʰ a ⁵⁵,18,false,,dianfangtujia,Dianfang_Tujia,nort2732,Northern Tujia,tji,Sino-Tibetan,,claw (nail),2128,CLAW OR NAIL,false,expert
boluotujia-13_clawnail-1,13_clawnail,ʓie53=mũ21=ko21-lo21,dʑ.i.e.⁵³.m.ũ.∼.²¹.k.o.²¹.l.o.²¹,dʑ i e ⁵³ + m ũ ²¹ + k o ²¹ + l o ²¹,18,false,,boluotujia,Boluo_Tujia,sout2739,Southern Tujia,tjs,Sino-Tibetan,,claw (nail),2128,CLAW OR NAIL,false,expert
tanxitujia-13_clawnail-1,13_clawnail,ʓe55=mo55=kʰo21,dʑ.e.⁵⁵.m.o.⁵⁵.kʰ.o.²¹,dʑ e ⁵⁵ + m o ⁵⁵ + kʰ o ²¹,18,false,,tanxitujia,Tanxi_Tujia,sout2739,Southern Tujia,tjs,Sino-Tibetan,,claw (nail),2128,CLAW OR NAIL,false,expert
tashatujia-14_cloud-1,14_cloud,me24=la55-ɔŋ21,m.e.²⁴.l.a.⁵⁵.ɔ.ŋ.²¹,m e ²⁴ + l a ⁵⁵ + ɔ ŋ ²¹,19,false,,tashatujia,Tasha_Tujia,nort2732,Northern Tujia,tji,Sino-Tibetan,,cloud,1489,CLOUD,false,expert
dianfangtujia-14_cloud-1,14_cloud,mɨe35=la55-ɣũ21,m.ɨ.e.³⁵.l.a.⁵⁵.ɣ.ũ.∼.²¹,m ɨ e ³⁵ + l a ⁵⁵ + ɣ ũ ²¹,19,false,,dianfangtujia,Dianfang_Tujia,nort2732,Northern Tujia,tji,Sino-Tibetan,,cloud,1489,CLOUD,false,expert
boluotujia-14_cloud-1,14_cloud,yẽ21-doʉ33,j.ẽ.∼.²¹.d.o.ʉ.³³,j ẽ ²¹ + d o ʉ ³³,-167,true,,boluotujia,Boluo_Tujia,sout2739,Southern Tujia,tjs,Sino-Tibetan,,cloud,1489,CLOUD,false,expert
tanxitujia-14_cloud-1,14_cloud,yüẽ33,j.y.ẽ.∼.³³,j y ẽ ³³,-168,true,,tanxitujia,Tanxi_Tujia,sout2739,Southern Tujia,tjs,Sino-Tibetan,,cloud,1489,CLOUD,false,expert
tashatujia-15_cold-1,15_cold,sa21,s.a.²¹,s a ²¹,20,false,,tashatujia,Tasha_Tujia,nort2732,Northern Tujia,tji,Sino-Tibetan,,cold,1287,COLD,false,expert
duogutujia-15_cold-1,15_cold,sa53,s.a.⁵³,s a ⁵³,20,false,,duogutujia,Duogu_Tujia,nort2732,Northern Tujia,tji,Sino-Tibetan,,cold,1287,COLD,false,expert
dianfangtujia-15_cold-1,15_cold,sa55,s.a.⁵⁵,s a ⁵⁵,20,false,,dianfangtujia,Dianfang_Tujia,nort2732,Northern Tujia,tji,Sino-Tibetan,,cold,1287,COLD,false,expert
boluotujia-15_cold-1,15_cold,si21-ʒa21,s.i.²¹.dz.a.²¹,s i ²¹ + dz a ²¹,21,false,,boluotujia,Boluo_Tujia,sout2739,Southern Tujia,tjs,Sino-Tibetan,,cold,1287,COLD,false,expert
tanxitujia-15_cold-1,15_cold,si21-ʒa13,s.i.²¹.dz.a.¹³,s i ²¹ + dz a ¹³,21,false,,tanxitujia,Tanxi_Tujia,sout2739,Southern Tujia,tjs,Sino-Tibetan,,cold,1287,COLD,false,expert
tashatujia-16_come-1,16_come,ɤŋ21-ɕi̯u21,ɤ.ŋ.²¹.tɕ.j.u.²¹,ɤ ŋ ²¹ + tɕ j u ²¹,22,false,,tashatujia,Tasha_Tujia,nort2732,Northern Tujia,tji,Sino-Tibetan,,come,1446,COME,false,expert
duogutujia-16_come-1,16_come,ẽ21-ci21,ẽ.∼.²¹.ts.i.²¹,ẽ ²¹ + ts i ²¹,22,false,,duogutujia,Duogu_Tujia,nort2732,Northern Tujia,tji,Sino-Tibetan,,come,1446,COME,false,expert
dianfangtujia-16_come-1,16_come,ẽ21-ci21 ~ ẽ21-ɕʰe35,ẽ.∼.²¹.ts.i.²¹,ẽ ²¹ + ts i ²¹,22,false,,dianfangtujia,Dianfang_Tujia,nort2732,Northern Tujia,tji,Sino-Tibetan,,come,1446,COME,false,expert
boluotujia-16_come-1,16_come,ɣɨ21-dɨ53,ɣ.ɨ.²¹.d.ɨ.⁵³,ɣ ɨ ²¹ + d ɨ ⁵³,22,false,,boluotujia,Boluo_Tujia,sout2739,Southern Tujia,tjs,Sino-Tibetan,,come,1446,COME,false,expert
tanxitujia-16_come-1,16_come,ʔɨ13-dɨ55,ʔ.ɨ.¹³.d.ɨ.⁵⁵,ʔ ɨ ¹³ + d ɨ ⁵⁵,22,false,,tanxitujia,Tanxi_Tujia,sout2739,Southern Tujia,tjs,Sino-Tibetan,,come,1446,COME,false,expert
tashatujia-17_die-1,17_die,sɤ24,s.ɤ.²⁴,s ɤ ²⁴,23,false,,tashatujia,Tasha_Tujia,nort2732,Northern Tujia,tji,Sino-Tibetan,,die,1494,DIE,false,expert
duogutujia-17_die-1,17_die,se24,s.e.²⁴,s e ²⁴,23,false,,duogutujia,Duogu_Tujia,nort2732,Northern Tujia,tji,Sino-Tibetan,,die,1494,DIE,false,expert
dianfangtujia-17_die-1,17_die,se35,s.e.³⁵,s e ³⁵,23,false,,dianfangtujia,Dianfang_Tujia,nort2732,Northern Tujia,tji,Sino-Tibetan,,die,1494,DIE,false,expert
boluotujia-17_die-1,17_die,se21,s.e.²¹,s e ²¹,23,false,,boluotujia,Boluo_Tujia,sout2739,Southern Tujia,tjs,Sino-Tibetan,,die,1494,DIE,false,expert
tanxitujia-17_die-1,17_die,se21,s.e.²¹,s e ²¹,23,false,,tanxitujia,Tanxi_Tujia,sout2739,Southern Tujia,tjs,Sino-Tibetan,,die,1494,DIE,false,expert
tashatujia-18_dog-1,18_dog,xa21-li̯ɛ21,x.a.²¹.l.j.ɛ.²¹,x a ²¹ + l j ɛ ²¹,24,false,,tashatujia,Tasha_Tujia,nort2732,Northern Tujia,tji,Sino-Tibetan,,dog,2009,DOG,false,expert
duogutujia-18_dog-1,18_dog,xa53-lie21,x.a.⁵³.l.i.e.²¹,x a ⁵³ + l i e ²¹,24,false,,duogutujia,Duogu_Tujia,nort2732,Northern Tujia,tji,Sino-Tibetan,,dog,2009,DOG,false,expert
dianfangtujia-18_dog-1,18_dog,xa55-le21,x.a.⁵⁵.l.e.²¹,x a ⁵⁵ + l e ²¹,24,false,,dianfangtujia,Dianfang_Tujia,nort2732,Northern Tujia,tji,Sino-Tibetan,,dog,2009,DOG,false,expert
boluotujia-18_dog-1,18_dog,cʰe53,tsʰ.e.⁵³,tsʰ e ⁵³,25,false,,boluotujia,Boluo_Tujia,sout2739,Southern Tujia,tjs,Sino-Tibetan,,dog,2009,DOG,false,expert
tanxitujia-18_dog-1,18_dog,cʰe55,tsʰ.e.⁵⁵,tsʰ e ⁵⁵,25,false,,tanxitujia,Tanxi_Tujia,sout2739,Southern Tujia,tjs,Sino-Tibetan,,dog,2009,DOG,false,expert
tashatujia-19_drink-1,19_drink,xu21,x.u.²¹,x u ²¹,26,false,,tashatujia,Tasha_Tujia,nort2732,Northern Tujia,tji,Sino-Tibetan,,drink,1401,DRINK,false,expert
duogutujia-19_drink-1,19_drink,xu21,x.u.²¹,x u ²¹,26,false,,duogutujia,Duogu_Tujia,nort2732,Northern Tujia,tji,Sino-Tibetan,,drink,1401,DRINK,false,expert
dianfangtujia-19_drink-1,19_drink,xu21,x.u.²¹,x u ²¹,26,false,,dianfangtujia,Dianfang_Tujia,nort2732,Northern Tujia,tji,Sino-Tibetan,,drink,1401,DRINK,false,expert
boluotujia-19_drink-1,19_drink,ʒoʉ33,dz.o.ʉ.³³,dz o ʉ ³³,27,false,,boluotujia,Boluo_Tujia,sout2739,Southern Tujia,tjs,Sino-Tibetan,,drink,1401,DRINK,false,expert
tanxitujia-19_drink-1,19_drink,ʒʉ33,dz.ʉ.³³,dz ʉ ³³,27,false,,tanxitujia,Tanxi_Tujia,sout2739,Southern Tujia,tjs,Sino-Tibetan,,drink,1401,DRINK,false,expert
tashatujia-20_dry-1,20_dry,ka21,k.a.²¹,k a ²¹,28,false,,tashatujia,Tasha_Tujia,nort2732,Northern Tujia,tji,Sino-Tibetan,,dry,1398,DRY,false,expert
duogutujia-20_dry-1,20_dry,a53=ka21,a.⁵³.k.a.²¹,a ⁵³ + k a ²¹,28,false,,duogutujia,Duogu_Tujia,nort2732,Northern Tujia,tji,Sino-Tibetan,,dry,1398,DRY,false,expert
dianfangtujia-20_dry-1,20_dry,ka21 ~ a55=ka21,k.a.²¹,k a ²¹,28,false,,dianfangtujia,Dianfang_Tujia,nort2732,Northern Tujia,tji,Sino-Tibetan,,dry,1398,DRY,false,expert
boluotujia-20_dry-1,20_dry,go13,ɡ.o.¹³,ɡ o ¹³,28,false,,boluotujia,Boluo_Tujia,sout2739,Southern Tujia,tjs,Sino-Tibetan,,dry,1398,DRY,false,expert
tanxitujia-20_dry-1,20_dry,go55,ɡ.o.⁵⁵,ɡ o ⁵⁵,28,false,,tanxitujia,Tanxi_Tujia,sout2739,Southern Tujia,tjs,Sino-Tibetan,,dry,1398,DRY,false,expert
tashatujia-21_ear-1,21_ear,ɤŋ21-ɕʰi̯ɛ24,ɤ.ŋ.²¹.tɕʰ.j.ɛ.²⁴,ɤ ŋ ²¹ + tɕʰ j ɛ ²⁴,29,false,,tashatujia,Tasha_Tujia,nort2732,Northern Tujia,tji,Sino-Tibetan,,ear,1247,EAR,false,expert
duogutujia-21_ear-1,21_ear,ũ21-ɕʰie44,ũ.∼.²¹.tɕʰ.i.e.⁴⁴,ũ ²¹ + tɕʰ i e ⁴⁴,29,false,,duogutujia,Duogu_Tujia,nort2732,Northern Tujia,tji,Sino-Tibetan,,ear,1247,EAR,false,expert
dianfangtujia-21_ear-1,21_ear,ẽ21-ɕʰe35 ~ ũ21-ɕʰe35,ẽ.∼.²¹.tɕʰ.e.³⁵,ẽ ²¹ + tɕʰ e ³⁵,29,false,,dianfangtujia,Dianfang_Tujia,nort2732,Northern Tujia,tji,Sino-Tibetan,,ear,1247,EAR,false,expert
boluotujia-21_ear-1,21_ear,ca21-po53,ts.a.²¹.p.o.⁵³,ts a ²¹ + p o ⁵³,30,false,,boluotujia,Boluo_Tujia,sout2739,Southern Tujia,tjs,Sino-Tibetan,,ear,1247,EAR,false,expert
tanxitujia-21_ear-1,21_ear,cã21-pʉ55,ts.ã.∼.²¹.p.ʉ.⁵⁵,ts ã ²¹ + p ʉ ⁵⁵,30,false,,tanxitujia,Tanxi_Tujia,sout2739,Southern Tujia,tjs,Sino-Tibetan,,ear,1247,EAR,false,expert
tashatujia-22_earth-1,22_earth,zu̯ɔ21,z.w.ɔ.²¹,z w ɔ ²¹,31,false,,tashatujia,Tasha_Tujia,nort2732,Northern Tujia,tji,Sino-Tibetan,,earth,1228,EARTH (SOIL),false,expert
duogutujia-22_earth-1,22_earth,zo53,z.o.⁵³,z o ⁵³,31,false,,duogutujia,Duogu_Tujia,nort2732,Northern Tujia,tji,Sino-Tibetan,,earth,1228,EARTH (SOIL),false,expert
dianfangtujia-22_earth-1,22_earth,zo55,z.o.⁵⁵,z o ⁵⁵,31,false,,dianfangtujia,Dianfang_Tujia,nort2732,Northern Tujia,tji,Sino-Tibetan,,earth,1228,EARTH (SOIL),false,expert
boluotujia-22_earth-1,22_earth,za53,z.a.⁵³,z a ⁵³,31,false,,boluotujia,Boluo_Tujia,sout2739,Southern Tujia,tjs,Sino-Tibetan,,earth,1228,EARTH (SOIL),false,expert
tanxitujia-22_earth-1,22_earth,za55,z.a.⁵⁵,z a ⁵⁵,31,false,,tanxitujia,Tanxi_Tujia,sout2739,Southern Tujia,tjs,Sino-Tibetan,,earth,1228,EARTH (SOIL),false,expert
tashatujia-23_eat-1,23_eat,ka24,k.a.²⁴,k a ²⁴,32,false,,tashatujia,Tasha_Tujia,nort2732,Northern Tujia,tji,Sino-Tibetan,,eat,1336,EAT,false,expert
duogutujia-23_eat-1,23_eat,ka24,k.a.²⁴,k a ²⁴,32,false,,duogutujia,Duogu_Tujia,nort2732,Northern Tujia,tji,Sino-Tibetan,,eat,1336,EAT,false,expert
dianfangtujia-23_eat-1,23_eat,ka35,k.a.³⁵,k a ³⁵,32,false,,dianfangtujia,Dianfang_Tujia,nort2732,Northern Tujia,tji,Sino-Tibetan,,eat,1336,EAT,false,expert
boluotujia-23_eat-1,23_eat,ɣɨe13,ɣ.ɨ.e.¹³,ɣ ɨ e ¹³,33,false,,boluotujia,Boluo_Tujia,sout2739,Southern Tujia,tjs,Sino-Tibetan,,eat,1336,EAT,false,expert
tanxitujia-23_eat-1,23_eat,ɣɨe35,ɣ.ɨ.e.³⁵,ɣ ɨ e ³⁵,33,false,,tanxitujia,Tanxi_Tujia,sout2739,Southern Tujia,tjs,Sino-Tibetan,,eat,1336,EAT,false,expert
tashatujia-24_egg-1,24_egg,a55=li̯ɛ55,a.⁵⁵.l.j.ɛ.⁵⁵,a ⁵⁵ + l j ɛ ⁵⁵,34,false,,tashatujia,Tasha_Tujia,nort2732,Northern Tujia,tji,Sino-Tibetan,,egg,744,EGG,false,expert
dianfangtujia-24_egg-1,24_egg,a55=le55,a.⁵⁵.l.e.⁵⁵,a ⁵⁵ + l e ⁵⁵,34,false,,dianfangtujia,Dianfang_Tujia,nort2732,Northern Tujia,tji,Sino-Tibetan,,egg,744,EGG,false,expert
boluotujia-24_egg-1,24_egg,si21=ŋɨe21=a13=lɨe53,s.i.²¹.ŋ.ɨ.e.²¹.a.¹³.l.ɨ.e.⁵³,s i ²¹ + ŋ ɨ e ²¹ + a ¹³ + l ɨ e ⁵³,34,false,,boluotujia,Boluo_Tujia,sout2739,Southern Tujia,tjs,Sino-Tibetan,,egg,744,EGG,false,expert
tanxitujia-24_egg-1,24_egg,ʔa21=le55,ʔ.a.²¹.l.e.⁵⁵,ʔ a ²¹ + l e ⁵⁵,34,false,,tanxitujia,Tanxi_Tujia,sout2739,Southern Tujia,tjs,Sino-Tibetan,,egg,744,EGG,false,expert
tashatujia-25_eye-1,25_eye,lu̯ɔ24-pu55,l.w.ɔ.²⁴.p.u.⁵⁵,l w ɔ ²⁴ + p u ⁵⁵,35,false,,tashatujia,Tasha_Tujia,nort2732,Northern Tujia,tji,Sino-Tibetan,,eye,1248,EYE,false,expert
duogutujia-25_eye-1,25_eye,lo24-pu44,l.o.²⁴.p.u.⁴⁴,l o ²⁴ + p u ⁴⁴,35,false,,duogutujia,Duogu_Tujia,nort2732,Northern Tujia,tji,Sino-Tibetan,,eye,1248,EYE,false,expert
dianfangtujia-25_eye-1,25_eye,lo35-pu35,l.o.³⁵.p.u.³⁵,l o ³⁵ + p u ³⁵,35,false,,dianfangtujia,Dianfang_Tujia,nort2732,Northern Tujia,tji,Sino-Tibetan,,eye,1248,EYE,false,expert
boluotujia-25_eye-1,25_eye,a21=la53,a.²¹.l.a.⁵³,a ²¹ + l a ⁵³,35,false,,boluotujia,Boluo_Tujia,sout2739,Southern Tujia,tjs,Sino-Tibetan,,eye,1248,EYE,false,expert
tanxitujia-25_eye-1,25_eye,ʔa21=la55,ʔ.a.²¹.l.a.⁵⁵,ʔ a ²¹ + l a ⁵⁵,35,false,,tanxitujia,Tanxi_Tujia,sout2739,Southern Tujia,tjs,Sino-Tibetan,,eye,1248,EYE,false,expert
duogutujia-101_far-1,101_far,ɣɨe21,ɣ.ɨ.e.²¹,ɣ ɨ e ²¹,152,false,,duogutujia,Duogu_Tujia,nort2732,Northern Tujia,tji,Sino-Tibetan,,far,1406,FAR,false,expert
dianfangtujia-101_far-1,101_far,ɣɨe21,ɣ.ɨ.e.²¹,ɣ ɨ e ²¹,152,false,,dianfangtujia,Dianfang_Tujia,nort2732,Northern Tujia,tji,Sino-Tibetan,,far,1406,FAR,false,expert
boluotujia-101_far-1,101_far,ɣoʉ21=i53,ɣ.o.ʉ.²¹.i.⁵³,ɣ o ʉ ²¹ + i ⁵³,153,false,,boluotujia,Boluo_Tujia,sout2739,Southern Tujia,tjs,Sino-Tibetan,,far,1406,FAR,false,expert
tanxitujia-101_far-1,101_far,ʔʉ13=yi55,ʔ.ʉ.¹³.j.i.⁵⁵,ʔ ʉ ¹³ + j i ⁵⁵,153,false,,tanxitujia,Tanxi_Tujia,sout2739,Southern Tujia,tjs,Sino-Tibetan,,far,1406,FAR,false,expert
tashatujia-27_feather-1,27_feather,si24-ka21,s.i.²⁴.k.a.²¹,s i ²⁴ + k a ²¹,36,false,,tashatujia,Tasha_Tujia,nort2732,Northern Tujia,tji,Sino-Tibetan,,feather,1201,FEATHER,false,expert
duogutujia-27_feather-1,27_feather,ɕi24-ka44,tɕ.i.²⁴.k.a.⁴⁴,tɕ i ²⁴ + k a ⁴⁴,36,false,,duogutujia,Duogu_Tujia,nort2732,Northern Tujia,tji,Sino-Tibetan,,feather,1201,FEATHER,false,expert
boluotujia-27_feather-1,27_feather,a33-so33,a.³³.s.o.³³,a ³³ + s o ³³,37,false,,boluotujia,Boluo_Tujia,sout2739,Southern Tujia,tjs,Sino-Tibetan,,feather,1201,FEATHER,false,expert
tashatujia-28_fire-1,28_fire,mi21,m.i.²¹,m i ²¹,38,false,,tashatujia,Tasha_Tujia,nort2732,Northern Tujia,tji,Sino-Tibetan,,fire,221,FIRE,false,expert
duogutujia-28_fire-1,28_fire,mi53,m.i.⁵³,m i ⁵³,38,false,,duogutujia,Duogu_Tujia,nort2732,Northern Tujia,tji,Sino-Tibetan,,fire,221,FIRE,false,expert
dianfangtujia-28_fire-1,28_fire,mi55,m.i.⁵⁵,m i ⁵⁵,38,false,,dianfangtujia,Dianfang_Tujia,nort2732,Northern Tujia,tji,Sino-Tibetan,,fire,221,FIRE,false,expert
boluotujia-28_fire-1,28_fire,mi53,m.i.⁵³,m i ⁵³,38,false,,boluotujia,Boluo_Tujia,sout2739,Southern Tujia,tjs,Sino-Tibetan,,fire,221,FIRE,false,expert
tanxitujia-28_fire-1,28_fire,mi55,m.i.⁵⁵,m i ⁵⁵,38,false,,tanxitujia,Tanxi_Tujia,sout2739,Southern Tujia,tjs,Sino-Tibetan,,fire,221,FIRE,false,expert
tashatujia-29_fish-1,29_fish,sɔŋ24,s.ɔ.ŋ.²⁴,s ɔ ŋ ²⁴,39,false,,tashatujia,Tasha_Tujia,nort2732,Northern Tujia,tji,Sino-Tibetan,,fish,227,FISH,false,expert
duogutujia-29_fish-1,29_fish,sũ24,s.ũ.∼.²⁴,s ũ ²⁴,39,false,,duogutujia,Duogu_Tujia,nort2732,Northern Tujia,tji,Sino-Tibetan,,fish,227,FISH,false,expert
dianfangtujia-29_fish-1,29_fish,sũ35,s.ũ.∼.³⁵,s ũ ³⁵,39,false,,dianfangtujia,Dianfang_Tujia,nort2732,Northern Tujia,tji,Sino-Tibetan,,fish,227,FISH,false,expert
boluotujia-29_fish-1,29_fish,si21=ŋe21 ~ si21=ŋɨy21,s.i.²¹.ŋ.e.²¹,s i ²¹ + ŋ e ²¹,40,false,,boluotujia,Boluo_Tujia,sout2739,Southern Tujia,tjs,Sino-Tibetan,,fish,227,FISH,false,expert
tanxitujia-29_fish-1,29_fish,si21=ŋɨ21,s.i.²¹.ŋ.ɨ.²¹,s i ²¹ + ŋ ɨ ²¹,40,false,,tanxitujia,Tanxi_Tujia,sout2739,Southern Tujia,tjs,Sino-Tibetan,,fish,227,FISH,false,expert
tashatujia-30_flyv-1,30_flyv,za24,z.a.²⁴,z a ²⁴,41,false,,tashatujia,Tasha_Tujia,nort2732,Northern Tujia,tji,Sino-Tibetan,,fly v.,1441,FLY (MOVE THROUGH AIR),false,expert
duogutujia-30_flyv-1,30_flyv,za53,z.a.⁵³,z a ⁵³,41,false,,duogutujia,Duogu_Tujia,nort2732,Northern Tujia,tji,Sino-Tibetan,,fly v.,1441,FLY (MOVE THROUGH AIR),false,expert
dianfangtujia-30_flyv-1,30_flyv,za55,z.a.⁵⁵,z a ⁵⁵,41,false,,dianfangtujia,Dianfang_Tujia,nort2732,Northern Tujia,tji,Sino-Tibetan,,fly v.,1441,FLY (MOVE THROUGH AIR),false,expert
boluotujia-30_flyv-1,30_flyv,mu33-ʓi33,m.u.³³.dʑ.i.³³,m u ³³ + dʑ i ³³,42,false,,boluotujia,Boluo_Tujia,sout2739,Southern Tujia,tjs,Sino-Tibetan,,fly v.,1441,FLY (MOVE THROUGH AIR),false,expert
tanxitujia-30_flyv-1,30_flyv,mu33-ʒi33,m.u.³³.dz.i.³³,m u ³³ + dz i ³³,42,false,,tanxitujia,Tanxi_Tujia,sout2739,Southern Tujia,tjs,Sino-Tibetan,,fly v.,1441,FLY (MOVE THROUGH AIR),false,expert
tashatujia-31_foot-1,31_foot,ɕi21,tɕ.i.²¹,tɕ i ²¹,43,false,,tashatujia,Tasha_Tujia,nort2732,Northern Tujia,tji,Sino-Tibetan,,foot,1301,FOOT,false,expert
duogutujia-31_foot-1,31_foot,ɕi21-pʰa21,tɕ.i.²¹.pʰ.a.²¹,tɕ i ²¹ + pʰ a ²¹,43,false,,duogutujia,Duogu_Tujia,nort2732,Northern Tujia,tji,Sino-Tibetan,,foot,1301,FOOT,false,expert
dianfangtujia-31_foot-1,31_foot,ɕi21,tɕ.i.²¹,tɕ i ²¹,43,false,,dianfangtujia,Dianfang_Tujia,nort2732,Northern Tujia,tji,Sino-Tibetan,,foot,1301,FOOT,false,expert
boluotujia-31_foot-1,31_foot,a33=ʓi13,a.³³.dʑ.i.¹³,a ³³ + dʑ i ¹³,43,false,,boluotujia,Boluo_Tujia,sout2739,Southern Tujia,tjs,Sino-Tibetan,,foot,1301,FOOT,false,expert
tanxitujia-31_foot-1,31_foot,ʔa33=ʓi35,ʔ.a.³³.dʑ.i.³⁵,ʔ a ³³ + dʑ i ³⁵,43,false,,tanxitujia,Tanxi_Tujia,sout2739,Southern Tujia,tjs,Sino-Tibetan,,foot,1301,FOOT,false,expert
duogutujia-32_full-1,32_full,mã53,m.ã.∼.⁵³,m ã ⁵³,44,false,,duogutujia,Duogu_Tujia,nort2732,Northern Tujia,tji,Sino-Tibetan,,full,1429,FULL,false,expert
dianfangtujia-32_full-1,32_full,mã55,m.ã.∼.⁵⁵,m ã ⁵⁵,44,false,,dianfangtujia,Dianfang_Tujia,nort2732,Northern Tujia,tji,Sino-Tibetan,,full,1429,FULL,false,expert
boluotujia-32_full-1,32_full,moʉ53,m.o.ʉ.⁵³,m o ʉ ⁵³,44,false,,boluotujia,Boluo_Tujia,sout2739,Southern Tujia,tjs,Sino-Tibetan,,full,1429,FULL,false,expert
tanxitujia-32_full-1,32_full,mʉ33,m.ʉ.³³,m ʉ ³³,44,false,,tanxitujia,Tanxi_Tujia,sout2739,Southern Tujia,tjs,Sino-Tibetan,,full,1429,FULL,false,expert
tashatujia-33_give-1,33_give,li̯ɛ24,l.j.ɛ.²⁴,l j ɛ ²⁴,45,false,,tashatujia,Tasha_Tujia,nort2732,Northern Tujia,tji,Sino-Tibetan,,give,1447,GIVE,false,expert
duogutujia-33_give-1,33_give,lie24,l.i.e.²⁴,l i e ²⁴,45,false,,duogutujia,Duogu_Tujia,nort2732,Northern Tujia,tji,Sino-Tibetan,,give,1447,GIVE,false,expert
dianfangtujia-33_give-1,33_give,le35,l.e.³⁵,l e ³⁵,45,false,,dianfangtujia,Dianfang_Tujia,nort2732,Northern Tujia,tji,Sino-Tibetan,,give,1447,GIVE,false,expert
boluotujia-33_give-1,33_give,lie53,l.i.e.⁵³,l i e ⁵³,45,false,,boluotujia,Boluo_Tujia,sout2739,Southern Tujia,tjs,Sino-Tibetan,,give,1447,GIVE,false,expert
tanxitujia-33_give-1,33_give,le55,l.e.⁵⁵,l e ⁵⁵,45,false,,tanxitujia,Tanxi_Tujia,sout2739,Southern Tujia,tjs,Sino-Tibetan,,give,1447,GIVE,false,expert
tashatujia-34_good-1,34_good,cʰa24,tsʰ.a.²⁴,tsʰ a ²⁴,46,false,,tashatujia,Tasha_Tujia,nort2732,Northern Tujia,tji,Sino-Tibetan,,good,1035,GOOD,false,expert
duogutujia-34_good-1,34_good,cʰa24,tsʰ.a.²⁴,tsʰ a ²⁴,46,false,,duogutujia,Duogu_Tujia,nort2732,Northern Tujia,tji,Sino-Tibetan,,good,1035,GOOD,false,expert
dianfangtujia-34_good-1,34_good,cʰa35,tsʰ.a.³⁵,tsʰ a ³⁵,46,false,,dianfangtujia,Dianfang_Tujia,nort2732,Northern Tujia,tji,Sino-Tibetan,,good,1035,GOOD,false,expert
boluotujia-34_good-1,34_good,cʰo21,tsʰ.o.²¹,tsʰ o ²¹,46,false,,boluotujia,Boluo_Tujia,sout2739,Southern Tujia,tjs,Sino-Tibetan,,good,1035,GOOD,false,expert
tanxitujia-34_good-1,34_good,cʰo33,tsʰ.o.³³,tsʰ o ³³,46,false,,tanxitujia,Tanxi_Tujia,sout2739,Southern Tujia,tjs,Sino-Tibetan,,good,1035,GOOD,false,expert
tashatujia-35_green-1,35_green,ʆiŋ24-ka55,ɕ.i.ŋ.²⁴.k.a.⁵⁵,ɕ i ŋ ²⁴ + k a ⁵⁵,47,false,,tashatujia,Tasha_Tujia,nort2732,Northern Tujia,tji,Sino-Tibetan,,green,1425,GREEN,false,expert
duogutujia-35_green-1,35_green,lu21-lu21-ti44,l.u.²¹.l.u.²¹.t.i.⁴⁴,l u ²¹ + l u ²¹ + t i ⁴⁴,48,false,,duogutujia,Duogu_Tujia,nort2732,Northern Tujia,tji,Sino-Tibetan,,green,1425,GREEN,false,expert
dianfangtujia-35_green-1,35_green,lu35-ka55,l.u.³⁵.k.a.⁵⁵,l u ³⁵ + k a ⁵⁵,48,false,,dianfangtujia,Dianfang_Tujia,nort2732,Northern Tujia,tji,Sino-Tibetan,,green,1425,GREEN,false,expert
boluotujia-35_green-1,35_green,ʆi21,ɕ.i.²¹,ɕ i ²¹,47,false,,boluotujia,Boluo_Tujia,sout2739,Southern Tujia,tjs,Sino-Tibetan,,green,1425,GREEN,false,expert
tanxitujia-35_green-1,35_green,lu21,l.u.²¹,l u ²¹,48,false,,tanxitujia,Tanxi_Tujia,sout2739,Southern Tujia,tjs,Sino-Tibetan,,green,1425,GREEN,false,expert
tashatujia-36_hair-1,36_hair,sa24-ɕʰi55,s.a.²⁴.tɕʰ.i.⁵⁵,s a ²⁴ + tɕʰ i ⁵⁵,49,false,,tashatujia,Tasha_Tujia,nort2732,Northern Tujia,tji,Sino-Tibetan,,hair,1040,HAIR,false,expert
duogutujia-36_hair-1,36_hair,sa24-ɕʰi44,s.a.²⁴.tɕʰ.i.⁴⁴,s a ²⁴ + tɕʰ i ⁴⁴,49,false,,duogutujia,Duogu_Tujia,nort2732,Northern Tujia,tji,Sino-Tibetan,,hair,1040,HAIR,false,expert
dianfangtujia-36_hair-1,36_hair,sa35-ɕʰi55,s.a.³⁵.tɕʰ.i.⁵⁵,s a ³⁵ + tɕʰ i ⁵⁵,49,false,,dianfangtujia,Dianfang_Tujia,nort2732,Northern Tujia,tji,Sino-Tibetan,,hair,1040,HAIR,false,expert
boluotujia-36_hair-1,36_hair,a21=bo53=a21=so21,a.²¹.b.o.⁵³.a.²¹.s.o.²¹,a ²¹ + b o ⁵³ + a ²¹ + s o ²¹,49,false,,boluotujia,Boluo_Tujia,sout2739,Southern Tujia,tjs,Sino-Tibetan,,hair,1040,HAIR,false,expert
tanxitujia-36_hair-1,36_hair,ʔa21=so21,ʔ.a.²¹.s.o.²¹,ʔ a ²¹ + s o ²¹,49,false,,tanxitujia,Tanxi_Tujia,sout2739,Southern Tujia,tjs,Sino-Tibetan,,hair,1040,HAIR,false,expert
tashatujia-37_hand-1,37_hand,ɕi̯ɛ24,tɕ.j.ɛ.²⁴,tɕ j ɛ ²⁴,50,false,,tashatujia,Tasha_Tujia,nort2732,Northern Tujia,tji,Sino-Tibetan,,hand,1277,HAND,false,expert
duogutujia-37_hand-1,37_hand,ɕie24,tɕ.i.e.²⁴,tɕ i e ²⁴,50,false,,duogutujia,Duogu_Tujia,nort2732,Northern Tujia,tji,Sino-Tibetan,,hand,1277,HAND,false,expert
dianfangtujia-37_hand-1,37_hand,ɕe35,tɕ.e.³⁵,tɕ e ³⁵,50,false,,dianfangtujia,Dianfang_Tujia,nort2732,Northern Tujia,tji,Sino-Tibetan,,hand,1277,HAND,false,expert
boluotujia-37_hand-1,37_hand,a21=ʓie53,a.²¹.dʑ.i.e.⁵³,a ²¹ + dʑ i e ⁵³,50,false,,boluotujia,Boluo_Tujia,sout2739,Southern Tujia,tjs,Sino-Tibetan,,hand,1277,HAND,false,expert
tanxitujia-37_hand-1,37_hand,ʔa21=ʓe55,ʔ.a.²¹.dʑ.e.⁵⁵,ʔ a ²¹ + dʑ e ⁵⁵,50,false,,tanxitujia,Tanxi_Tujia,sout2739,Southern Tujia,tjs,Sino-Tibetan,,hand,1277,HAND,false,expert
tashatujia-38_head-1,38_head,kʰa55-tʰa55,kʰ.a.⁵⁵.tʰ.a.⁵⁵,kʰ a ⁵⁵ + tʰ a ⁵⁵,51,false,,tashatujia,Tasha_Tujia,nort2732,Northern Tujia,tji,Sino-Tibetan,,head,1256,HEAD,false,expert
duogutujia-38_head-1,38_head,kʰo53-pa53,kʰ.o.⁵³.p.a.⁵³,kʰ o ⁵³ + p a ⁵³,51,false,,duogutujia,Duogu_Tujia,nort2732,Northern Tujia,tji,Sino-Tibetan,,head,1256,HEAD,false,expert
dianfangtujia-38_head-1,38_head,kʰo55-pa55 ~ kʰo55-cʰo55,kʰ.o.⁵⁵.p.a.⁵⁵,kʰ o ⁵⁵ + p a ⁵⁵,51,false,,dianfangtujia,Dianfang_Tujia,nort2732,Northern Tujia,tji,Sino-Tibetan,,head,1256,HEAD,false,expert
boluotujia-38_head-1,38_head,a21=bo53-bu21,a.²¹.b.o.⁵³.b.u.²¹,a ²¹ + b o ⁵³ + b u ²¹,52,false,,boluotujia,Boluo_Tujia,sout2739,Southern Tujia,tjs,Sino-Tibetan,,head,1256,HEAD,false,expert
tanxitujia-38_head-1,38_head,ʔa21=bo65,ʔ.a.²¹.b.o.⁵⁵,ʔ a ²¹ + b o ⁵⁵,52,false,,tanxitujia,Tanxi_Tujia,sout2739,Southern Tujia,tjs,Sino-Tibetan,,head,1256,HEAD,false,expert
tashatujia-39_hear-1,39_hear,ʆi21,ɕ.i.²¹,ɕ i ²¹,53,false,,tashatujia,Tasha_Tujia,nort2732,Northern Tujia,tji,Sino-Tibetan,,hear,1408,HEAR,false,expert
duogutujia-39_hear-1,39_hear,zu21,z.u.²¹,z u ²¹,54,false,,duogutujia,Duogu_Tujia,nort2732,Northern Tujia,tji,Sino-Tibetan,,hear,1408,HEAR,false,expert
dianfangtujia-39_hear-1,39_hear,zu21,z.u.²¹,z u ²¹,54,false,,dianfangtujia,Dianfang_Tujia,nort2732,Northern Tujia,tji,Sino-Tibetan,,hear,1408,HEAR,false,expert
boluotujia-39_hear-1,39_hear,xo33-zi33,x.o.³³.z.i.³³,x o ³³ + z i ³³,55,false,,boluotujia,Boluo_Tujia,sout2739,Southern Tujia,tjs,Sino-Tibetan,,hear,1408,HEAR,false,expert
tanxitujia-39_hear-1,39_hear,ħo33-zi33,ħ.o.³³.z.i.³³,ħ o ³³ + z i ³³,55,false,,tanxitujia,Tanxi_Tujia,sout2739,Southern Tujia,tjs,Sino-Tibetan,,hear,1408,HEAR,false,expert
tashatujia-40_heart-1,40_heart,li55-kʰu̯ɔ55-lu̯ɔ55,l.i.⁵⁵.kʰ.w.ɔ.⁵⁵.l.w.ɔ.⁵⁵,l i ⁵⁵ + kʰ w ɔ ⁵⁵ + l w ɔ ⁵⁵,56,false,,tashatujia,Tasha_Tujia,nort2732,Northern Tujia,tji,Sino-Tibetan,,heart,1223,HEART,false,expert
duogutujia-40_heart-1,40_heart,li53-kʰo44-lo44,l.i.⁵³.kʰ.o.⁴⁴.l.o.⁴⁴,l i ⁵³ + kʰ o ⁴⁴ + l o ⁴⁴,56,false,,duogutujia,Duogu_Tujia,nort2732,Northern Tujia,tji,Sino-Tibetan,,heart,1223,HEART,false,expert
dianfangtujia-40_heart-1,40_heart,li55-kʰo55-lo35,l.i.⁵⁵.kʰ.o.⁵⁵.l.o.³⁵,l i ⁵⁵ + kʰ o ⁵⁵ + l o ³⁵,56,false,,dianfangtujia,Dianfang_Tujia,nort2732,Northern Tujia,tji,Sino-Tibetan,,heart,1223,HEART,false,expert
boluotujia-40_heart-1,40_heart,tu13-sẽ33,t.u.¹³.s.ẽ.∼.³³,t u ¹³ + s ẽ ³³,57,false,,boluotujia,Boluo_Tujia,sout2739,Southern Tujia,tjs,Sino-Tibetan,,heart,1223,HEART,false,expert
tanxitujia-40_heart-1,40_heart,li21-ŋa21,l.i.²¹.ŋ.a.²¹,l i ²¹ + ŋ a ²¹,56,false,,tanxitujia,Tanxi_Tujia,sout2739,Southern Tujia,tjs,Sino-Tibetan,,heart,1223,HEART,false,expert
tashatujia-102_heavy-1,102_heavy,tu21 ~ tu21-ci21,t.u.²¹,t u ²¹,154,false,,tashatujia,Tasha_Tujia,nort2732,Northern Tujia,tji,Sino-Tibetan,,heavy,1210,HEAVY,false,expert
duogutujia-102_heavy-1,102_heavy,tu53,t.u.⁵³,t u ⁵³,154,false,,duogutujia,Duogu_Tujia,nort2732,Northern Tujia,tji,Sino-Tibetan,,heavy,1210,HEAVY,false,expert
dianfangtujia-102_heavy-1,102_heavy,tu55,t.u.⁵⁵,t u ⁵⁵,154,false,,dianfangtujia,Dianfang_Tujia,nort2732,Northern Tujia,tji,Sino-Tibetan,,heavy,1210,HEAVY,false,expert
boluotujia-102_heavy-1,102_heavy,doʉ13,d.o.ʉ.¹³,d o ʉ ¹³,154,false,,boluotujia,Boluo_Tujia,sout2739,Southern Tujia,tjs,Sino-Tibetan,,heavy,1210,HEAVY,false,expert
tanxitujia-102_heavy-1,102_heavy,dʉ35,d.ʉ.³⁵,d ʉ ³⁵,154,false,,tanxitujia,Tanxi_Tujia,sout2739,Southern Tujia,tjs,Sino-Tibetan,,heavy,1210,HEAVY,false,expert
tashatujia-41_horn-1,41_horn,kʰɤ21,kʰ.ɤ.²¹,kʰ ɤ ²¹,58,false,,tashatujia,Tasha_Tujia,nort2732,Northern Tujia,tji,Sino-Tibetan,,horn,1393,HORN (ANATOMY),false,expert
duogutujia-41_horn-1,41_horn,kʰɨe53,kʰ.ɨ.e.⁵³,kʰ ɨ e ⁵³,58,false,,duogutujia,Duogu_Tujia,nort2732,Northern Tujia,tji,Sino-Tibetan,,horn,1393,HORN (ANATOMY),false,expert
dianfangtujia-41_horn-1,41_horn,kʰɨe55,kʰ.ɨ.e.⁵⁵,kʰ ɨ e ⁵⁵,58,false,,dianfangtujia,Dianfang_Tujia,nort2732,Northern Tujia,tji,Sino-Tibetan,,horn,1393,HORN (ANATOMY),false,expert
boluotujia-41_horn-1,41_horn,a33=kʰɨe33,a.³³.kʰ.ɨ.e.³³,a ³³ + kʰ ɨ e ³³,58,false,,boluotujia,Boluo_Tujia,sout2739,Southern Tujia,tjs,Sino-Tibetan,,horn,1393,HORN (ANATOMY),false,expert
tanxitujia-41_horn-1,41_horn,ʔa33=kʰɨe33,ʔ.a.³³.kʰ.ɨ.e.³³,ʔ a ³³ + kʰ ɨ e ³³,58,false,,tanxitujia,Tanxi_Tujia,sout2739,Southern Tujia,tjs,Sino-Tibetan,,horn,1393,HORN (ANATOMY),false,expert
tashatujia-43_kill-1,43_kill,pu24,p.u.²⁴,p u ²⁴,60,false,,tashatujia,Tasha_Tujia,nort2732,Northern Tujia,tji,Sino-Tibetan,,kill,1417,KILL,false,expert
duogutujia-43_kill-1,43_kill,pu24,p.u.²⁴,p u ²⁴,60,false,,duogutujia,Duogu_Tujia,nort2732,Northern Tujia,tji,Sino-Tibetan,,kill,1417,KILL,false,expert
dianfangtujia-43_kill-1,43_kill,pu35,p.u.³⁵,p u ³⁵,60,false,,dianfangtujia,Dianfang_Tujia,nort2732,Northern Tujia,tji,Sino-Tibetan,,kill,1417,KILL,false,expert
boluotujia-43_kill-1,43_kill,ɣɨe13,ɣ.ɨ.e.¹³,ɣ ɨ e ¹³,61,false,,boluotujia,Boluo_Tujia,sout2739,Southern Tujia,tjs,Sino-Tibetan,,kill,1417,KILL,false,expert
tanxitujia-43_kill-1,43_kill,ʔɨ13,ʔ.ɨ.¹³,ʔ ɨ ¹³,61,false,,tanxitujia,Tanxi_Tujia,sout2739,Southern Tujia,tjs,Sino-Tibetan,,kill,1417,KILL,false,expert
duogutujia-44_knee-1,44_knee,ɕi21=tʰi21-kʰe53-kai24-kai24,tɕ.i.²¹.tʰ.i.²¹.kʰ.e.⁵³.k.a.i.²⁴.k.a.i.²⁴,tɕ i ²¹ + tʰ i ²¹ + kʰ e ⁵³ + k a i ²⁴ + k a i ²⁴,62,false,,duogutujia,Duogu_Tujia,nort2732,Northern Tujia,tji,Sino-Tibetan,,knee,1371,KNEE,false,expert
dianfangtujia-44_knee-1,44_knee,ɕi21=tʰi21-kʰɨe55,tɕ.i.²¹.tʰ.i.²¹.kʰ.ɨ.e.⁵⁵,tɕ i ²¹ + tʰ i ²¹ + kʰ ɨ e ⁵⁵,62,false,,dianfangtujia,Dianfang_Tujia,nort2732,Northern Tujia,tji,Sino-Tibetan,,knee,1371,KNEE,false,expert
boluotujia-44_knee-1,44_knee,ʓi21=to21-ŋo13,dʑ.i.²¹.t.o.²¹.ŋ.o.¹³,dʑ i ²¹ + t o ²¹ + ŋ o ¹³,63,false,,boluotujia,Boluo_Tujia,sout2739,Southern Tujia,tjs,Sino-Tibetan,,knee,1371,KNEE,false,expert
tanxitujia-44_knee-1,44_knee,ʔa21=ʓi35=po33-lo33,ʔ.a.²¹.dʑ.i.³⁵.p.o.³³.l.o.³³,ʔ a ²¹ + dʑ i ³⁵ + p o ³³ + l o ³³,64,false,,tanxitujia,Tanxi_Tujia,sout2739,Southern Tujia,tjs,Sino-Tibetan,,knee,1371,KNEE,false,expert
tashatujia-45_know-1,45_know,xa21-zi21,x.a.²¹.z.i.²¹,x a ²¹ + z i ²¹,65,false,,tashatujia,Tasha_Tujia,nort2732,Northern Tujia,tji,Sino-Tibetan,,know,1410,KNOW (SOMETHING),false,expert
duogutujia-45_know-1,45_know,xau53-ʆi44,x.a.u.⁵³.ɕ.i.⁴⁴,x a u ⁵³ + ɕ i ⁴⁴,65,false,,duogutujia,Duogu_Tujia,nort2732,Northern Tujia,tji,Sino-Tibetan,,know,1410,KNOW (SOMETHING),false,expert
dianfangtujia-45_know-1,45_know,xau55-ʆi35 ~ xa55-zi21,x.a.u.⁵⁵.ɕ.i.³⁵,x a u ⁵⁵ + ɕ i ³⁵,65,false,,dianfangtujia,Dianfang_Tujia,nort2732,Northern Tujia,tji,Sino-Tibetan,,know,1410,KNOW (SOMETHING),false,expert
boluotujia-45_know-1,45_know,ʆie53,ɕ.i.e.⁵³,ɕ i e ⁵³,66,false,,boluotujia,Boluo_Tujia,sout2739,Southern Tujia,tjs,Sino-Tibetan,,know,1410,KNOW (SOMETHING),false,expert
tanxitujia-45_know-1,45_know,ʆe55-cʰe55,ɕ.e.⁵⁵.tsʰ.e.⁵⁵,ɕ e ⁵⁵ + tsʰ e ⁵⁵,66,false,,tanxitujia,Tanxi_Tujia,sout2739,Southern Tujia,tjs,Sino-Tibetan,,know,1410,KNOW (SOMETHING),false,expert
tashatujia-46_leaf-1,46_leaf,ɣɤ55=tʰa55,ɣ.ɤ.⁵⁵.tʰ.a.⁵⁵,ɣ ɤ ⁵⁵ + tʰ a ⁵⁵,67,false,,tashatujia,Tasha_Tujia,nort2732,Northern Tujia,tji,Sino-Tibetan,,leaf,628,LEAF,false,expert
duogutujia-46_leaf-1,46_leaf,ɣɨe53=tʰa53,ɣ.ɨ.e.⁵³.tʰ.a.⁵³,ɣ ɨ e ⁵³ + tʰ a ⁵³,67,false,,duogutujia,Duogu_Tujia,nort2732,Northern Tujia,tji,Sino-Tibetan,,leaf,628,LEAF,false,expert
dianfangtujia-46_leaf-1,46_leaf,ɣɨe55=tʰa55,ɣ.ɨ.e.⁵⁵.tʰ.a.⁵⁵,ɣ ɨ e ⁵⁵ + tʰ a ⁵⁵,67,false,,dianfangtujia,Dianfang_Tujia,nort2732,Northern Tujia,tji,Sino-Tibetan,,leaf,628,LEAF,false,expert
boluotujia-46_leaf-1,46_leaf,a33=ɣɨe33,a.³³.ɣ.ɨ.e.³³,a ³³ + ɣ ɨ e ³³,68,false,,boluotujia,Boluo_Tujia,sout2739,Southern Tujia,tjs,Sino-Tibetan,,leaf,628,LEAF,false,expert
tanxitujia-46_leaf-1,46_leaf,ʔa21=ɣɨe21,ʔ.a.²¹.ɣ.ɨ.e.²¹,ʔ a ²¹ + ɣ ɨ e ²¹,68,false,,tanxitujia,Tanxi_Tujia,sout2739,Southern Tujia,tjs,Sino-Tibetan,,leaf,628,LEAF,false,expert
tashatujia-47_lie-1,47_lie,pʰɤ21,pʰ.ɤ.²¹,pʰ ɤ ²¹,69,false,,tashatujia,Tasha_Tujia,nort2732,Northern Tujia,tji,Sino-Tibetan,,lie,1411,LIE (REST),false,expert
duogutujia-47_lie-1,47_lie,nie24-po44,n.i.e.²⁴.p.o.⁴⁴,n i e ²⁴ + p o ⁴⁴,70,false,,duogutujia,Duogu_Tujia,nort2732,Northern Tujia,tji,Sino-Tibetan,,lie,1411,LIE (REST),false,expert
boluotujia-47_lie-1,47_lie,kʰaʉ13,kʰ.a.ʉ.¹³,kʰ a ʉ ¹³,71,false,,boluotujia,Boluo_Tujia,sout2739,Southern Tujia,tjs,Sino-Tibetan,,lie,1411,LIE (REST),false,expert
tashatujia-48_liver-1,48_liver,aŋ55-a55,a.ŋ.⁵⁵.a.⁵⁵,a ŋ ⁵⁵ + a ⁵⁵,72,false,,tashatujia,Tasha_Tujia,nort2732,Northern Tujia,tji,Sino-Tibetan,,liver,1224,LIVER,false,expert
duogutujia-48_liver-1,48_liver,a53-ŋai44,a.⁵³.ŋ.a.i.⁴⁴,a ⁵³ + ŋ a i ⁴⁴,72,false,,duogutujia,Duogu_Tujia,nort2732,Northern Tujia,tji,Sino-Tibetan,,liver,1224,LIVER,false,expert
dianfangtujia-48_liver-1,48_liver,ã55-ŋa55 ~ a55-ŋã55,ã.∼.⁵⁵.ŋ.a.⁵⁵,ã ⁵⁵ + ŋ a ⁵⁵,72,false,,dianfangtujia,Dianfang_Tujia,nort2732,Northern Tujia,tji,Sino-Tibetan,,liver,1224,LIVER,false,expert
boluotujia-48_liver-1,48_liver,kæ̃33,k.æ̃.∼.³³,k æ̃ ³³,-169,true,,boluotujia,Boluo_Tujia,sout2739,Southern Tujia,tjs,Sino-Tibetan,,liver,1224,LIVER,false,expert
tanxitujia-48_liver-1,48_liver,kã33,k.ã.∼.³³,k ã ³³,-170,true,,tanxitujia,Tanxi_Tujia,sout2739,Southern Tujia,tjs,Sino-Tibetan,,liver,1224,LIVER,false,expert
tashatujia-49_long-1,49_long,ɣɤ21,ɣ.ɤ.²¹,ɣ ɤ ²¹,73,false,,tashatujia,Tasha_Tujia,nort2732,Northern Tujia,tji,Sino-Tibetan,,long,1203,LONG,false,expert
duogutujia-49_long-1,49_long,ɣɨe21,ɣ.ɨ.e.²¹,ɣ ɨ e ²¹,73,false,,duogutujia,Duogu_Tujia,nort2732,Northern Tujia,tji,Sino-Tibetan,,long,1203,LONG,false,expert
dianfangtujia-49_long-1,49_long,ɣɨe21,ɣ.ɨ.e.²¹,ɣ ɨ e ²¹,73,false,,dianfangtujia,Dianfang_Tujia,nort2732,Northern Tujia,tji,Sino-Tibetan,,long,1203,LONG,false,expert
boluotujia-49_long-1,49_long,ɣɨe13,ɣ.ɨ.e.¹³,ɣ ɨ e ¹³,73,false,,boluotujia,Boluo_Tujia,sout2739,Southern Tujia,tjs,Sino-Tibetan,,long,1203,LONG,false,expert
tanxitujia-49_long-1,49_long,ɣɨe35,ɣ.ɨ.e.³⁵,ɣ ɨ e ³⁵,73,false,,tanxitujia,Tanxi_Tujia,sout2739,Southern Tujia,tjs,Sino-Tibetan,,long,1203,LONG,false,expert
tashatujia-50_louse-1,50_louse,si55-si55,s.i.⁵⁵.s.i.⁵⁵,s i ⁵⁵ + s i ⁵⁵,74,false,,tashatujia,Tasha_Tujia,nort2732,Northern Tujia,tji,Sino-Tibetan,,louse,1392,LOUSE,false,expert
duogutujia-50_louse-1,50_louse,si53-si44,s.i.⁵³.s.i.⁴⁴,s i ⁵³ + s i ⁴⁴,74,false,,duogutujia,Duogu_Tujia,nort2732,Northern Tujia,tji,Sino-Tibetan,,louse,1392,LOUSE,false,expert
dianfangtujia-50_louse-1,50_louse,si55-si55,s.i.⁵⁵.s.i.⁵⁵,s i ⁵⁵ + s i ⁵⁵,74,false,,dianfangtujia,Dianfang_Tujia,nort2732,Northern Tujia,tji,Sino-Tibetan,,louse,1392,LOUSE,false,expert
boluotujia-50_louse-1,50_louse,a21=si53-lũ33,a.²¹.s.i.⁵³.l.ũ.∼.³³,a ²¹ + s i ⁵³ + l ũ ³³,74,false,,boluotujia,Boluo_Tujia,sout2739,Southern Tujia,tjs,Sino-Tibetan,,louse,1392,LOUSE,false,expert
tanxitujia-50_louse-1,50_louse,ʔa21=si55,ʔ.a.²¹.s.i.⁵⁵,ʔ a ²¹ + s i ⁵⁵,74,false,,tanxitujia,Tanxi_Tujia,sout2739,Southern Tujia,tjs,Sino-Tibetan,,louse,1392,LOUSE,false,expert
tashatujia-51_man-1,51_man,cu̯ɔ55=pa55,ts.w.ɔ.⁵⁵.p.a.⁵⁵,ts w ɔ ⁵⁵ + p a ⁵⁵,75,false,,tashatujia,Tasha_Tujia,nort2732,Northern Tujia,tji,Sino-Tibetan,,man,1554,MAN,false,expert
duogutujia-51_man-1,51_man,no53=pa44-ce44,n.o.⁵³.p.a.⁴⁴.ts.e.⁴⁴,n o ⁵³ + p a ⁴⁴ + ts e ⁴⁴,75,false,,duogutujia,Duogu_Tujia,nort2732,Northern Tujia,tji,Sino-Tibetan,,man,1554,MAN,false,expert
dianfangtujia-51_man-1,51_man,no55=pa55,n.o.⁵⁵.p.a.⁵⁵,n o ⁵⁵ + p a ⁵⁵,75,false,,dianfangtujia,Dianfang_Tujia,nort2732,Northern Tujia,tji,Sino-Tibetan,,man,1554,MAN,false,expert
boluotujia-51_man-1,51_man,a21=ko21-bie21,a.²¹.k.o.²¹.b.i.e.²¹,a ²¹ + k o ²¹ + b i e ²¹,76,false,,boluotujia,Boluo_Tujia,sout2739,Southern Tujia,tjs,Sino-Tibetan,,man,1554,MAN,false,expert
tanxitujia-51_man-1,51_man,ʔa21=ko21-be21-ŋɨ21,ʔ.a.²¹.k.o.²¹.b.e.²¹.ŋ.ɨ.²¹,ʔ a ²¹ + k o ²¹ + b e ²¹ + ŋ ɨ ²¹,76,false,,tanxitujia,Tanxi_Tujia,sout2739,Southern Tujia,tjs,Sino-Tibetan,,man,1554,MAN,false,expert
tashatujia-52_many-1,52_many,zi21,z.i.²¹,z i ²¹,77,false,,tashatujia,Tasha_Tujia,nort2732,Northern Tujia,tji,Sino-Tibetan,,many,1198,MANY,false,expert
duogutujia-52_many-1,52_many,zi21,z.i.²¹,z i ²¹,77,false,,duogutujia,Duogu_Tujia,nort2732,Northern Tujia,tji,Sino-Tibetan,,many,1198,MANY,false,expert
dianfangtujia-52_many-1,52_many,zi21,z.i.²¹,z i ²¹,77,false,,dianfangtujia,Dianfang_Tujia,nort2732,Northern Tujia,tji,Sino-Tibetan,,many,1198,MANY,false,expert
boluotujia-52_many-1,52_many,zi45,z.i.⁴⁵,z i ⁴⁵,77,false,,boluotujia,Boluo_Tujia,sout2739,Southern Tujia,tjs,Sino-Tibetan,,many,1198,MANY,false,expert
tanxitujia-52_many-1,52_many,zi35,z.i.³⁵,z i ³⁵,77,false,,tanxitujia,Tanxi_Tujia,sout2739,Southern Tujia,tjs,Sino-Tibetan,,many,1198,MANY,false,expert
tashatujia-53_meat-1,53_meat,si21,s.i.²¹,s i ²¹,78,false,,tashatujia,Tasha_Tujia,nort2732,Northern Tujia,tji,Sino-Tibetan,,meat,634,MEAT,false,expert
duogutujia-53_meat-1,53_meat,si21,s.i.²¹,s i ²¹,78,false,,duogutujia,Duogu_Tujia,nort2732,Northern Tujia,tji,Sino-Tibetan,,meat,634,MEAT,false,expert
dianfangtujia-53_meat-1,53_meat,si21,s.i.²¹,s i ²¹,78,false,,dianfangtujia,Dianfang_Tujia,nort2732,Northern Tujia,tji,Sino-Tibetan,,meat,634,MEAT,false,expert
boluotujia-53_meat-1,53_meat,si13,s.i.¹³,s i ¹³,78,false,,boluotujia,Boluo_Tujia,sout2739,Southern Tujia,tjs,Sino-Tibetan,,meat,634,MEAT,false,expert
tanxitujia-53_meat-1,53_meat,si35,s.i.³⁵,s i ³⁵,78,false,,tanxitujia,Tanxi_Tujia,sout2739,Southern Tujia,tjs,Sino-Tibetan,,meat,634,MEAT,false,expert
tashatujia-54_moon-1,54_moon,su21-su21,s.u.²¹.s.u.²¹,s u ²¹ + s u ²¹,79,false,,tashatujia,Tasha_Tujia,nort2732,Northern Tujia,tji,Sino-Tibetan,,moon,1313,MOON,false,expert
duogutujia-54_moon-1,54_moon,su21-su21-kʰa21-ɕi̯e44,s.u.²¹.s.u.²¹.kʰ.a.²¹.tɕ.j.e.⁴⁴,s u ²¹ + s u ²¹ + kʰ a ²¹ + tɕ j e ⁴⁴,79,false,,duogutujia,Duogu_Tujia,nort2732,Northern Tujia,tji,Sino-Tibetan,,moon,1313,MOON,false,expert
dianfangtujia-54_moon-1,54_moon,su21-su21 ~ su21-su21-kʰa21-ʆe21,s.u.²¹.s.u.²¹,s u ²¹ + s u ²¹,79,false,,dianfangtujia,Dianfang_Tujia,nort2732,Northern Tujia,tji,Sino-Tibetan,,moon,1313,MOON,false,expert
boluotujia-54_moon-1,54_moon,ye21-liã45,j.e.²¹.l.i.ã.∼.⁴⁵,j e ²¹ + l i ã ⁴⁵,-171,true,,boluotujia,Boluo_Tujia,sout2739,Southern Tujia,tjs,Sino-Tibetan,,moon,1313,MOON,false,expert
tanxitujia-54_moon-1,54_moon,lo35-ʆi55-dʉ35,l.o.³⁵.ɕ.i.⁵⁵.d.ʉ.³⁵,l o ³⁵ + ɕ i ⁵⁵ + d ʉ ³⁵,80,false,,tanxitujia,Tanxi_Tujia,sout2739,Southern Tujia,tjs,Sino-Tibetan,,moon,1313,MOON,false,expert
tashatujia-55_mountain-1,55_mountain,kʰu55-li̯ɛ55,kʰ.u.⁵⁵.l.j.ɛ.⁵⁵,kʰ u ⁵⁵ + l j ɛ ⁵⁵,81,false,,tashatujia,Tasha_Tujia,nort2732,Northern Tujia,tji,Sino-Tibetan,,mountain,639,MOUNTAIN,false,expert
duogutujia-55_mountain-1,55_mountain,kʰu53-ca53,kʰ.u.⁵³.ts.a.⁵³,kʰ u ⁵³ + ts a ⁵³,81,false,,duogutujia,Duogu_Tujia,nort2732,Northern Tujia,tji,Sino-Tibetan,,mountain,639,MOUNTAIN,false,expert
dianfangtujia-55_mountain-1,55_mountain,kʰu55-ca55 ~ kʰu55-le55,kʰ.u.⁵⁵.ts.a.⁵⁵,kʰ u ⁵⁵ + ts a ⁵⁵,81,false,,dianfangtujia,Dianfang_Tujia,nort2732,Northern Tujia,tji,Sino-Tibetan,,mountain,639,MOUNTAIN,false,expert
boluotujia-55_mountain-1,55_mountain,za53-kʰa21,z.a.⁵³.kʰ.a.²¹,z a ⁵³ + kʰ a ²¹,82,false,,boluotujia,Boluo_Tujia,sout2739,Southern Tujia,tjs,Sino-Tibetan,,mountain,639,MOUNTAIN,false,expert
tanxitujia-55_mountain-1,55_mountain,za55,z.a.⁵⁵,z a ⁵⁵,82,false,,tanxitujia,Tanxi_Tujia,sout2739,Southern Tujia,tjs,Sino-Tibetan,,mountain,639,MOUNTAIN,false,expert
tashatujia-56_mouth-1,56_mouth,ca24-ɕʰi55,ts.a.²⁴.tɕʰ.i.⁵⁵,ts a ²⁴ + tɕʰ i ⁵⁵,83,false,,tashatujia,Tasha_Tujia,nort2732,Northern Tujia,tji,Sino-Tibetan,,mouth,674,MOUTH,false,expert
duogutujia-56_mouth-1,56_mouth,ca24-ɕʰi44,ts.a.²⁴.tɕʰ.i.⁴⁴,ts a ²⁴ + tɕʰ i ⁴⁴,83,false,,duogutujia,Duogu_Tujia,nort2732,Northern Tujia,tji,Sino-Tibetan,,mouth,674,MOUTH,false,expert
dianfangtujia-56_mouth-1,56_mouth,ca35-ɕʰi55,ts.a.³⁵.tɕʰ.i.⁵⁵,ts a ³⁵ + tɕʰ i ⁵⁵,83,false,,dianfangtujia,Dianfang_Tujia,nort2732,Northern Tujia,tji,Sino-Tibetan,,mouth,674,MOUTH,false,expert
boluotujia-56_mouth-1,56_mouth,a21=ze21,a.²¹.z.e.²¹,a ²¹ + z e ²¹,84,false,,boluotujia,Boluo_Tujia,sout2739,Southern Tujia,tjs,Sino-Tibetan,,mouth,674,MOUTH,false,expert
tanxitujia-56_mouth-1,56_mouth,ʔa21=ze21,ʔ.a.²¹.z.e.²¹,ʔ a ²¹ + z e ²¹,84,false,,tanxitujia,Tanxi_Tujia,sout2739,Southern Tujia,tjs,Sino-Tibetan,,mouth,674,MOUTH,false,expert
duogutujia-57_name-1,57_name,mĩ21-ci24,m.ĩ.∼.²¹.ts.i.²⁴,m ĩ ²¹ + ts i ²⁴,-172,true,,duogutujia,Duogu_Tujia,nort2732,Northern Tujia,tji,Sino-Tibetan,,name,1405,NAME,false,expert
dianfangtujia-57_name-1,57_name,mĩ21-ci35,m.ĩ.∼.²¹.ts.i.³⁵,m ĩ ²¹ + ts i ³⁵,-173,true,,dianfangtujia,Dianfang_Tujia,nort2732,Northern Tujia,tji,Sino-Tibetan,,name,1405,NAME,false,expert
boluotujia-57_name-1,57_name,nioʉ33,n.i.o.ʉ.³³,n i o ʉ ³³,85,false,,boluotujia,Boluo_Tujia,sout2739,Southern Tujia,tjs,Sino-Tibetan,,name,1405,NAME,false,expert
tanxitujia-57_name-1,57_name,niʉ35-bo21,n.i.ʉ.³⁵.b.o.²¹,n i ʉ ³⁵ + b o ²¹,85,false,,tanxitujia,Tanxi_Tujia,sout2739,Southern Tujia,tjs,Sino-Tibetan,,name,1405,NAME,false,expert
duogutujia-103_near-1,103_near,cũ53 ~ cũ44,ts.ũ.∼.⁵³,ts ũ ⁵³,155,false,,duogutujia,Duogu_Tujia,nort2732,Northern Tujia,tji,Sino-Tibetan,,near,1942,NEAR,false,expert
dianfangtujia-103_near-1,103_near,cũ55,ts.ũ.∼.⁵⁵,ts ũ ⁵⁵,155,false,,dianfangtujia,Dianfang_Tujia,nort2732,Northern Tujia,tji,Sino-Tibetan,,near,1942,NEAR,false,expert
boluotujia-103_near-1,103_near,ɣoʉ21=ʒa21,ɣ.o.ʉ.²¹.dz.a.²¹,ɣ o ʉ ²¹ + dz a ²¹,156,false,,boluotujia,Boluo_Tujia,sout2739,Southern Tujia,tjs,Sino-Tibetan,,near,1942,NEAR,false,expert
tanxitujia-103_near-1,103_near,ʔʉ13=ʒa33,ʔ.ʉ.¹³.dz.a.³³,ʔ ʉ ¹³ + dz a ³³,156,false,,tanxitujia,Tanxi_Tujia,sout2739,Southern Tujia,tjs,Sino-Tibetan,,near,1942,NEAR,false,expert
tashatujia-58_neck-1,58_neck,kʰɔŋ55-ti55,kʰ.ɔ.ŋ.⁵⁵.t.i.⁵⁵,kʰ ɔ ŋ ⁵⁵ + t i ⁵⁵,86,false,,tashatujia,Tasha_Tujia,nort2732,Northern Tujia,tji,Sino-Tibetan,,neck,1333,NECK,false,expert
duogutujia-58_neck-1,58_neck,kʰũ44-ti44,kʰ.ũ.∼.⁴⁴.t.i.⁴⁴,kʰ ũ ⁴⁴ + t i ⁴⁴,86,false,,duogutujia,Duogu_Tujia,nort2732,Northern Tujia,tji,Sino-Tibetan,,neck,1333,NECK,false,expert
dianfangtujia-58_neck-1,58_neck,kʰũ55-ti55,kʰ.ũ.∼.⁵⁵.t.i.⁵⁵,kʰ ũ ⁵⁵ + t i ⁵⁵,86,false,,dianfangtujia,Dianfang_Tujia,nort2732,Northern Tujia,tji,Sino-Tibetan,,neck,1333,NECK,false,expert
boluotujia-58_neck-1,58_neck,kua13-la53,k.u.a.¹³.l.a.⁵³,k u a ¹³ + l a ⁵³,87,false,,boluotujia,Boluo_Tujia,sout2739,Southern Tujia,tjs,Sino-Tibetan,,neck,1333,NECK,false,expert
tanxitujia-58_neck-1,58_neck,gua21-la55,ɡ.u.a.²¹.l.a.⁵⁵,ɡ u a ²¹ + l a ⁵⁵,87,false,,tanxitujia,Tanxi_Tujia,sout2739,Southern Tujia,tjs,Sino-Tibetan,,neck,1333,NECK,false,expert
tashatujia-59_new-1,59_new,a24=ʆi55,a.²⁴.ɕ.i.⁵⁵,a ²⁴ + ɕ i ⁵⁵,88,false,,tashatujia,Tasha_Tujia,nort2732,Northern Tujia,tji,Sino-Tibetan,,new,1231,NEW,false,expert
duogutujia-59_new-1,59_new,ɣa24=si44,ɣ.a.²⁴.s.i.⁴⁴,ɣ a ²⁴ + s i ⁴⁴,88,false,,duogutujia,Duogu_Tujia,nort2732,Northern Tujia,tji,Sino-Tibetan,,new,1231,NEW,false,expert
dianfangtujia-59_new-1,59_new,a35=si35,a.³⁵.s.i.³⁵,a ³⁵ + s i ³⁵,88,false,,dianfangtujia,Dianfang_Tujia,nort2732,Northern Tujia,tji,Sino-Tibetan,,new,1231,NEW,false,expert
boluotujia-59_new-1,59_new,a33=ʆi33,a.³³.ɕ.i.³³,a ³³ + ɕ i ³³,88,false,,boluotujia,Boluo_Tujia,sout2739,Southern Tujia,tjs,Sino-Tibetan,,new,1231,NEW,false,expert
tanxitujia-59_new-1,59_new,ʔa55=ʆi21,ʔ.a.⁵⁵.ɕ.i.²¹,ʔ a ⁵⁵ + ɕ i ²¹,88,false,,tanxitujia,Tanxi_Tujia,sout2739,Southern Tujia,tjs,Sino-Tibetan,,new,1231,NEW,false,expert
tashatujia-60_night-1,60_night,pʰɤ55,pʰ.ɤ.⁵⁵,pʰ ɤ ⁵⁵,89,false,,tashatujia,Tasha_Tujia,nort2732,Northern Tujia,tji,Sino-Tibetan,,night,1233,NIGHT,false,expert
tashatujia-61_nose-1,61_nose,ɤŋ24-ɕʰi55,ɤ.ŋ.²⁴.tɕʰ.i.⁵⁵,ɤ ŋ ²⁴ + tɕʰ i ⁵⁵,90,false,,tashatujia,Tasha_Tujia,nort2732,Northern Tujia,tji,Sino-Tibetan,,nose,1221,NOSE,false,expert
duogutujia-61_nose-1,61_nose,ũ24-ɕʰi44,ũ.∼.²⁴.tɕʰ.i.⁴⁴,ũ ²⁴ + tɕʰ i ⁴⁴,90,false,,duogutujia,Duogu_Tujia,nort2732,Northern Tujia,tji,Sino-Tibetan,,nose,1221,NOSE,false,expert
dianfangtujia-61_nose-1,61_nose,ẽ35-ɕʰi55 ~ ũ35-ɕʰi55,ẽ.∼.³⁵.tɕʰ.i.⁵⁵,ẽ ³⁵ + tɕʰ i ⁵⁵,90,false,,dianfangtujia,Dianfang_Tujia,nort2732,Northern Tujia,tji,Sino-Tibetan,,nose,1221,NOSE,false,expert
boluotujia-61_nose-1,61_nose,koʉ21-ɕi53,k.o.ʉ.²¹.tɕ.i.⁵³,k o ʉ ²¹ + tɕ i ⁵³,91,false,,boluotujia,Boluo_Tujia,sout2739,Southern Tujia,tjs,Sino-Tibetan,,nose,1221,NOSE,false,expert
tanxitujia-61_nose-1,61_nose,kʉ13-ɕi55-dʉ35,k.ʉ.¹³.tɕ.i.⁵⁵.d.ʉ.³⁵,k ʉ ¹³ + tɕ i ⁵⁵ + d ʉ ³⁵,91,false,,tanxitujia,Tanxi_Tujia,sout2739,Southern Tujia,tjs,Sino-Tibetan,,nose,1221,NOSE,false,expert
tashatujia-62_not-1,62_not,ta24,t.a.²⁴,t a ²⁴,92,false,,tashatujia,Tasha_Tujia,nort2732,Northern Tujia,tji,Sino-Tibetan,,not,1240,NOT,false,expert
duogutujia-62_not-1,62_not,tʰa53 ~ tʰa21,tʰ.a.⁵³,tʰ a ⁵³,92,false,,duogutujia,Duogu_Tujia,nort2732,Northern Tujia,tji,Sino-Tibetan,,not,1240,NOT,false,expert
dianfangtujia-62_not-1,62_not,tʰa55,tʰ.a.⁵⁵,tʰ a ⁵⁵,92,false,,dianfangtujia,Dianfang_Tujia,nort2732,Northern Tujia,tji,Sino-Tibetan,,not,1240,NOT,false,expert
boluotujia-62_not-1,62_not,læ̃,l.æ̃.∼,l æ̃,93,false,,boluotujia,Boluo_Tujia,sout2739,Southern Tujia,tjs,Sino-Tibetan,,not,1240,NOT,false,expert
tanxitujia-62_not-1,62_not,ma53,m.a.⁵³,m a ⁵³,94,false,,tanxitujia,Tanxi_Tujia,sout2739,Southern Tujia,tjs,Sino-Tibetan,,not,1240,NOT,false,expert
tashatujia-63_one-1,63_one,la24,l.a.²⁴,l a ²⁴,95,false,,tashatujia,Tasha_Tujia,nort2732,Northern Tujia,tji,Sino-Tibetan,,one,1493,ONE,false,expert
duogutujia-63_one-1,63_one,na24,n.a.²⁴,n a ²⁴,95,false,,duogutujia,Duogu_Tujia,nort2732,Northern Tujia,tji,Sino-Tibetan,,one,1493,ONE,false,expert
dianfangtujia-63_one-1,63_one,na35,n.a.³⁵,n a ³⁵,95,false,,dianfangtujia,Dianfang_Tujia,nort2732,Northern Tujia,tji,Sino-Tibetan,,one,1493,ONE,false,expert
boluotujia-63_one-1,63_one,la33,l.a.³³,l a ³³,95,false,,boluotujia,Boluo_Tujia,sout2739,Southern Tujia,tjs,Sino-Tibetan,,one,1493,ONE,false,expert
tanxitujia-63_one-1,63_one,la55,l.a.⁵⁵,l a ⁵⁵,95,false,,tanxitujia,Tanxi_Tujia,sout2739,Southern Tujia,tjs,Sino-Tibetan,,one,1493,ONE,false,expert
tashatujia-64_person-1,64_person,lu̯ɔ21,l.w.ɔ.²¹,l w ɔ ²¹,96,false,,tashatujia,Tasha_Tujia,nort2732,Northern Tujia,tji,Sino-Tibetan,,person,683,PERSON,false,expert
dianfangtujia-64_person-1,64_person,no55,n.o.⁵⁵,n o ⁵⁵,96,false,,dianfangtujia,Dianfang_Tujia,nort2732,Northern Tujia,tji,Sino-Tibetan,,person,683,PERSON,false,expert
tanxitujia-64_person-1,64_person,nia33,n.i.a.³³,n i a ³³,96,false,,tanxitujia,Tanxi_Tujia,sout2739,Southern Tujia,tjs,Sino-Tibetan,,person,683,PERSON,false,expert
tashatujia-65_rain-1,65_rain,mɤ24=zɤ21,m.ɤ.²⁴.z.ɤ.²¹,m ɤ ²⁴ + z ɤ ²¹,97,false,,tashatujia,Tasha_Tujia,nort2732,Northern Tujia,tji,Sino-Tibetan,,rain,658,RAIN (PRECIPITATION),false,expert
duogutujia-65_rain-1,65_rain,mɨe24=ce21,m.ɨ.e.²⁴.ts.e.²¹,m ɨ e ²⁴ + ts e ²¹,97,false,,duogutujia,Duogu_Tujia,nort2732,Northern Tujia,tji,Sino-Tibetan,,rain,658,RAIN (PRECIPITATION),false,expert
dianfangtujia-65_rain-1,65_rain,mɨe35=ce21,m.ɨ.e.³⁵.ts.e.²¹,m ɨ e ³⁵ + ts e ²¹,97,false,,dianfangtujia,Dianfang_Tujia,nort2732,Northern Tujia,tji,Sino-Tibetan,,rain,658,RAIN (PRECIPITATION),false,expert
boluotujia-65_rain-1,65_rain,ze13,z.e.¹³,z e ¹³,97,false,,boluotujia,Boluo_Tujia,sout2739,Southern Tujia,tjs,Sino-Tibetan,,rain,658,RAIN (PRECIPITATION),false,expert
tanxitujia-65_rain-1,65_rain,ze35,z.e.³⁵,z e ³⁵,97,false,,tanxitujia,Tanxi_Tujia,sout2739,Southern Tujia,tjs,Sino-Tibetan,,rain,658,RAIN (PRECIPITATION),false,expert
tashatujia-66_red-1,66_red,mi̯ɛn55-ɕi̯ɛ55,m.j.ɛ.n.⁵⁵.tɕ.j.ɛ.⁵⁵,m j ɛ n ⁵⁵ + tɕ j ɛ ⁵⁵,98,false,,tashatujia,Tasha_Tujia,nort2732,Northern Tujia,tji,Sino-Tibetan,,red,156,RED,false,expert
duogutujia-66_red-1,66_red,miã53-ɕie44,m.i.ã.∼.⁵³.tɕ.i.e.⁴⁴,m i ã ⁵³ + tɕ i e ⁴⁴,98,false,,duogutujia,Duogu_Tujia,nort2732,Northern Tujia,tji,Sino-Tibetan,,red,156,RED,false,expert
dianfangtujia-66_red-1,66_red,miã55-ɕe55,m.i.ã.∼.⁵⁵.tɕ.e.⁵⁵,m i ã ⁵⁵ + tɕ e ⁵⁵,98,false,,dianfangtujia,Dianfang_Tujia,nort2732,Northern Tujia,tji,Sino-Tibetan,,red,156,RED,false,expert
boluotujia-66_red-1,66_red,bo21-ni21,b.o.²¹.n.i.²¹,b o ²¹ + n i ²¹,99,false,,boluotujia,Boluo_Tujia,sout2739,Southern Tujia,tjs,Sino-Tibetan,,red,156,RED,false,expert
tanxitujia-66_red-1,66_red,bo33-ni13,b.o.³³.n.i.¹³,b o ³³ + n i ¹³,99,false,,tanxitujia,Tanxi_Tujia,sout2739,Southern Tujia,tjs,Sino-Tibetan,,red,156,RED,false,expert
tashatujia-67_road-1,67_road,la21,l.a.²¹,l a ²¹,100,false,,tashatujia,Tasha_Tujia,nort2732,Northern Tujia,tji,Sino-Tibetan,,road,667,ROAD,false,expert
dianfangtujia-67_road-1,67_road,la55,l.a.⁵⁵,l a ⁵⁵,100,false,,dianfangtujia,Dianfang_Tujia,nort2732,Northern Tujia,tji,Sino-Tibetan,,road,667,ROAD,false,expert
tanxitujia-67_road-1,67_road,lo33,l.o.³³,l o ³³,100,false,,tanxitujia,Tanxi_Tujia,sout2739,Southern Tujia,tjs,Sino-Tibetan,,road,667,ROAD,false,expert
tashatujia-68_root-1,68_root,ɕi55-la21,tɕ.i.⁵⁵.l.a.²¹,tɕ i ⁵⁵ + l a ²¹,101,false,,tashatujia,Tasha_Tujia,nort2732,Northern Tujia,tji,Sino-Tibetan,,root,670,ROOT,false,expert
duogutujia-68_root-1,68_root,ɕi53-la21,tɕ.i.⁵³.l.a.²¹,tɕ i ⁵³ + l a ²¹,101,false,,duogutujia,Duogu_Tujia,nort2732,Northern Tujia,tji,Sino-Tibetan,,root,670,ROOT,false,expert
dianfangtujia-68_root-1,68_root,ɕi55-la21,tɕ.i.⁵⁵.l.a.²¹,tɕ i ⁵⁵ + l a ²¹,101,false,,dianfangtujia,Dianfang_Tujia,nort2732,Northern Tujia,tji,Sino-Tibetan,,root,670,ROOT,false,expert
tanxitujia-68_root-1,68_root,kẽ33,k.ẽ.∼.³³,k ẽ ³³,-174,true,,tanxitujia,Tanxi_Tujia,sout2739,Southern Tujia,tjs,Sino-Tibetan,,root,670,ROOT,false,expert
tashatujia-69_round-1,69_round,pɔ21-lu̯ɔ55-lu̯ɔ55,p.ɔ.²¹.l.w.ɔ.⁵⁵.l.w.ɔ.⁵⁵,p ɔ ²¹ + l w ɔ ⁵⁵ + l w ɔ ⁵⁵,102,false,,tashatujia,Tasha_Tujia,nort2732,Northern Tujia,tji,Sino-Tibetan,,round,1395,ROUND,false,expert
duogutujia-69_round-1,69_round,tʰuã21-kʰo53-li44,tʰ.u.ã.∼.²¹.kʰ.o.⁵³.l.i.⁴⁴,tʰ u ã ²¹ + kʰ o ⁵³ + l i ⁴⁴,103,false,,duogutujia,Duogu_Tujia,nort2732,Northern Tujia,tji,Sino-Tibetan,,round,1395,ROUND,false,expert
dianfangtujia-69_round-1,69_round,kʰu21-lo55-lo21,kʰ.u.²¹.l.o.⁵⁵.l.o.²¹,kʰ u ²¹ + l o ⁵⁵ + l o ²¹,102,false,,dianfangtujia,Dianfang_Tujia,nort2732,Northern Tujia,tji,Sino-Tibetan,,round,1395,ROUND,false,expert
boluotujia-69_round-1,69_round,duæ̃33,d.u.æ̃.∼.³³,d u æ̃ ³³,103,false,,boluotujia,Boluo_Tujia,sout2739,Southern Tujia,tjs,Sino-Tibetan,,round,1395,ROUND,false,expert
tanxitujia-69_round-1,69_round,duã33,d.u.ã.∼.³³,d u ã ³³,103,false,,tanxitujia,Tanxi_Tujia,sout2739,Southern Tujia,tjs,Sino-Tibetan,,round,1395,ROUND,false,expert
tashatujia-104_salt-1,104_salt,la24-pu55,l.a.²⁴.p.u.⁵⁵,l a ²⁴ + p u ⁵⁵,157,false,,tashatujia,Tasha_Tujia,nort2732,Northern Tujia,tji,Sino-Tibetan,,salt,1274,SALT,false,expert
duogutujia-104_salt-1,104_salt,la24-pu44,l.a.²⁴.p.u.⁴⁴,l a ²⁴ + p u ⁴⁴,157,false,,duogutujia,Duogu_Tujia,nort2732,Northern Tujia,tji,Sino-Tibetan,,salt,1274,SALT,false,expert
dianfangtujia-104_salt-1,104_salt,la35-pu35,l.a.³⁵.p.u.³⁵,l a ³⁵ + p u ³⁵,157,false,,dianfangtujia,Dianfang_Tujia,nort2732,Northern Tujia,tji,Sino-Tibetan,,salt,1274,SALT,false,expert
boluotujia-104_salt-1,104_salt,a21=si53,a.²¹.s.i.⁵³,a ²¹ + s i ⁵³,158,false,,boluotujia,Boluo_Tujia,sout2739,Southern Tujia,tjs,Sino-Tibetan,,salt,1274,SALT,false,expert
tanxitujia-104_salt-1,104_salt,ʔa21=si55,ʔ.a.²¹.s.i.⁵⁵,ʔ a ²¹ + s i ⁵⁵,158,false,,tanxitujia,Tanxi_Tujia,sout2739,Southern Tujia,tjs,Sino-Tibetan,,salt,1274,SALT,false,expert
tashatujia-70_sand-1,70_sand,a21-pu24-li55,a.²¹.p.u.²⁴.l.i.⁵⁵,a ²¹ + p u ²⁴ + l i ⁵⁵,104,false,,tashatujia,Tasha_Tujia,nort2732,Northern Tujia,tji,Sino-Tibetan,,sand,671,SAND,false,expert
duogutujia-70_sand-1,70_sand,ɣa21-pʰi24-pʰi53,ɣ.a.²¹.pʰ.i.²⁴.pʰ.i.⁵³,ɣ a ²¹ + pʰ i ²⁴ + pʰ i ⁵³,104,false,,duogutujia,Duogu_Tujia,nort2732,Northern Tujia,tji,Sino-Tibetan,,sand,671,SAND,false,expert
dianfangtujia-70_sand-1,70_sand,a21-pu35-li35,a.²¹.p.u.³⁵.l.i.³⁵,a ²¹ + p u ³⁵ + l i ³⁵,104,false,,dianfangtujia,Dianfang_Tujia,nort2732,Northern Tujia,tji,Sino-Tibetan,,sand,671,SAND,false,expert
boluotujia-70_sand-1,70_sand,sa53-ci21,s.a.⁵³.ts.i.²¹,s a ⁵³ + ts i ²¹,-175,true,,boluotujia,Boluo_Tujia,sout2739,Southern Tujia,tjs,Sino-Tibetan,,sand,671,SAND,false,expert
tanxitujia-70_sand-1,70_sand,lʉ35=sa55-ci21,l.ʉ.³⁵.s.a.⁵⁵.ts.i.²¹,l ʉ ³⁵ + s a ⁵⁵ + ts i ²¹,-176,true,,tanxitujia,Tanxi_Tujia,sout2739,Southern Tujia,tjs,Sino-Tibetan,,sand,671,SAND,false,expert
tashatujia-71_say-1,71_say,li21,l.i.²¹,l i ²¹,105,false,,tashatujia,Tasha_Tujia,nort2732,Northern Tujia,tji,Sino-Tibetan,,say,1458,SAY,false,expert
duogutujia-71_say-1,71_say,li21,l.i.²¹,l i ²¹,105,false,,duogutujia,Duogu_Tujia,nort2732,Northern Tujia,tji,Sino-Tibetan,,say,1458,SAY,false,expert
dianfangtujia-71_say-1,71_say,li21,l.i.²¹,l i ²¹,105,false,,dianfangtujia,Dianfang_Tujia,nort2732,Northern Tujia,tji,Sino-Tibetan,,say,1458,SAY,false,expert
boluotujia-71_say-1,71_say,xɨe53,x.ɨ.e.⁵³,x ɨ e ⁵³,106,false,,boluotujia,Boluo_Tujia,sout2739,Southern Tujia,tjs,Sino-Tibetan,,say,1458,SAY,false,expert
tanxitujia-71_say-1,71_say,ħɨ55,ħ.ɨ.⁵⁵,ħ ɨ ⁵⁵,106,false,,tanxitujia,Tanxi_Tujia,sout2739,Southern Tujia,tjs,Sino-Tibetan,,say,1458,SAY,false,expert
tashatujia-72_see-1,72_see,yi21,j.i.²¹,j i ²¹,107,false,,tashatujia,Tasha_Tujia,nort2732,Northern Tujia,tji,Sino-Tibetan,,see,1409,SEE,false,expert
duogutujia-72_see-1,72_see,pa53-to21-liaw21,p.a.⁵³.t.o.²¹.l.i.a.w.²¹,p a ⁵³ + t o ²¹ + l i a w ²¹,108,false,,duogutujia,Duogu_Tujia,nort2732,Northern Tujia,tji,Sino-Tibetan,,see,1409,SEE,false,expert
dianfangtujia-72_see-1,72_see,yi21 ~ yi21-le21,j.i.²¹,j i ²¹,107,false,,dianfangtujia,Dianfang_Tujia,nort2732,Northern Tujia,tji,Sino-Tibetan,,see,1409,SEE,false,expert
boluotujia-72_see-1,72_see,bo13=i45,b.o.¹³.i.⁴⁵,b o ¹³ + i ⁴⁵,107,false,,boluotujia,Boluo_Tujia,sout2739,Southern Tujia,tjs,Sino-Tibetan,,see,1409,SEE,false,expert
tanxitujia-72_see-1,72_see,bo13=yi35,b.o.¹³.j.i.³⁵,b o ¹³ + j i ³⁵,107,false,,tanxitujia,Tanxi_Tujia,sout2739,Southern Tujia,tjs,Sino-Tibetan,,see,1409,SEE,false,expert
tashatujia-73_seed-1,73_seed,ni̯ɛ55-laŋ55,n.j.ɛ.⁵⁵.l.a.ŋ.⁵⁵,n j ɛ ⁵⁵ + l a ŋ ⁵⁵,109,false,,tashatujia,Tasha_Tujia,nort2732,Northern Tujia,tji,Sino-Tibetan,,seed,714,SEED,false,expert
duogutujia-73_seed-1,73_seed,pu24-li53,p.u.²⁴.l.i.⁵³,p u ²⁴ + l i ⁵³,110,false,,duogutujia,Duogu_Tujia,nort2732,Northern Tujia,tji,Sino-Tibetan,,seed,714,SEED,false,expert
dianfangtujia-73_seed-1,73_seed,ne55-nã55 ~ ne55-na55,n.e.⁵⁵.n.ã.∼.⁵⁵,n e ⁵⁵ + n ã ⁵⁵,109,false,,dianfangtujia,Dianfang_Tujia,nort2732,Northern Tujia,tji,Sino-Tibetan,,seed,714,SEED,false,expert
boluotujia-73_seed-1,73_seed,a33=lie33,a.³³.l.i.e.³³,a ³³ + l i e ³³,111,false,,boluotujia,Boluo_Tujia,sout2739,Southern Tujia,tjs,Sino-Tibetan,,seed,714,SEED,false,expert
tanxitujia-73_seed-1,73_seed,ʔa33=le33,ʔ.a.³³.l.e.³³,ʔ a ³³ + l e ³³,111,false,,tanxitujia,Tanxi_Tujia,sout2739,Southern Tujia,tjs,Sino-Tibetan,,seed,714,SEED,false,expert
tashatujia-105_short-1,105_short,cɔŋ21,ts.ɔ.ŋ.²¹,ts ɔ ŋ ²¹,159,false,,tashatujia,Tasha_Tujia,nort2732,Northern Tujia,tji,Sino-Tibetan,,short,1645,SHORT,false,expert
duogutujia-105_short-1,105_short,cũ53,ts.ũ.∼.⁵³,ts ũ ⁵³,159,false,,duogutujia,Duogu_Tujia,nort2732,Northern Tujia,tji,Sino-Tibetan,,short,1645,SHORT,false,expert
dianfangtujia-105_short-1,105_short,cũ55,ts.ũ.∼.⁵⁵,ts ũ ⁵⁵,159,false,,dianfangtujia,Dianfang_Tujia,nort2732,Northern Tujia,tji,Sino-Tibetan,,short,1645,SHORT,false,expert
boluotujia-105_short-1,105_short,ʒoʉ13,dz.o.ʉ.¹³,dz o ʉ ¹³,159,false,,boluotujia,Boluo_Tujia,sout2739,Southern Tujia,tjs,Sino-Tibetan,,short,1645,SHORT,false,expert
tanxitujia-105_short-1,105_short,ʒʉ13,dz.ʉ.¹³,dz ʉ ¹³,159,false,,tanxitujia,Tanxi_Tujia,sout2739,Southern Tujia,tjs,Sino-Tibetan,,short,1645,SHORT,false,expert
tashatujia-74_sit-1,74_sit,ɔŋ21,ɔ.ŋ.²¹,ɔ ŋ ²¹,112,false,,tashatujia,Tasha_Tujia,nort2732,Northern Tujia,tji,Sino-Tibetan,,sit,1416,SIT,false,expert
duogutujia-74_sit-1,74_sit,ũ21,ũ.∼.²¹,ũ ²¹,112,false,,duogutujia,Duogu_Tujia,nort2732,Northern Tujia,tji,Sino-Tibetan,,sit,1416,SIT,false,expert
dianfangtujia-74_sit-1,74_sit,ũ21,ũ.∼.²¹,ũ ²¹,112,false,,dianfangtujia,Dianfang_Tujia,nort2732,Northern Tujia,tji,Sino-Tibetan,,sit,1416,SIT,false,expert
boluotujia-74_sit-1,74_sit,ɣoʉ13,ɣ.o.ʉ.¹³,ɣ o ʉ ¹³,112,false,,boluotujia,Boluo_Tujia,sout2739,Southern Tujia,tjs,Sino-Tibetan,,sit,1416,SIT,false,expert
tanxitujia-74_sit-1,74_sit,ʔʉ35,ʔ.ʉ.³⁵,ʔ ʉ ³⁵,112,false,,tanxitujia,Tanxi_Tujia,sout2739,Southern Tujia,tjs,Sino-Tibetan,,sit,1416,SIT,false,expert
tashatujia-75_skin-1,75_skin,tʰa24-pʰa21,tʰ.a.²⁴.pʰ.a.²¹,tʰ a ²⁴ + pʰ a ²¹,113,false,,tashatujia,Tasha_Tujia,nort2732,Northern Tujia,tji,Sino-Tibetan,,skin,763,SKIN,false,expert
duogutujia-75_skin-1,75_skin,tʰa53-pʰa21,tʰ.a.⁵³.pʰ.a.²¹,tʰ a ⁵³ + pʰ a ²¹,113,false,,duogutujia,Duogu_Tujia,nort2732,Northern Tujia,tji,Sino-Tibetan,,skin,763,SKIN,false,expert
dianfangtujia-75_skin-1,75_skin,tʰa55-pʰa21,tʰ.a.⁵⁵.pʰ.a.²¹,tʰ a ⁵⁵ + pʰ a ²¹,113,false,,dianfangtujia,Dianfang_Tujia,nort2732,Northern Tujia,tji,Sino-Tibetan,,skin,763,SKIN,false,expert
boluotujia-75_skin-1,75_skin,ko33-lo33,k.o.³³.l.o.³³,k o ³³ + l o ³³,114,false,,boluotujia,Boluo_Tujia,sout2739,Southern Tujia,tjs,Sino-Tibetan,,skin,763,SKIN,false,expert
tanxitujia-75_skin-1,75_skin,kɨ21-lo21,k.ɨ.²¹.l.o.²¹,k ɨ ²¹ + l o ²¹,114,false,,tanxitujia,Tanxi_Tujia,sout2739,Southern Tujia,tjs,Sino-Tibetan,,skin,763,SKIN,false,expert
tashatujia-76_sleep-1,76_sleep,ni̯ɛ24-pi̯ɛ21,n.j.ɛ.²⁴.p.j.ɛ.²¹,n j ɛ ²⁴ + p j ɛ ²¹,115,false,,tashatujia,Tasha_Tujia,nort2732,Northern Tujia,tji,Sino-Tibetan,,sleep,1585,SLEEP,false,expert
duogutujia-76_sleep-1,76_sleep,nie24,n.i.e.²⁴,n i e ²⁴,115,false,,duogutujia,Duogu_Tujia,nort2732,Northern Tujia,tji,Sino-Tibetan,,sleep,1585,SLEEP,false,expert
dianfangtujia-76_sleep-1,76_sleep,ne35,n.e.³⁵,n e ³⁵,115,false,,dianfangtujia,Dianfang_Tujia,nort2732,Northern Tujia,tji,Sino-Tibetan,,sleep,1585,SLEEP,false,expert
boluotujia-76_sleep-1,76_sleep,nie21,n.i.e.²¹,n i e ²¹,115,false,,boluotujia,Boluo_Tujia,sout2739,Southern Tujia,tjs,Sino-Tibetan,,sleep,1585,SLEEP,false,expert
tanxitujia-76_sleep-1,76_sleep,ne21,n.e.²¹,n e ²¹,115,false,,tanxitujia,Tanxi_Tujia,sout2739,Southern Tujia,tjs,Sino-Tibetan,,sleep,1585,SLEEP,false,expert
tashatujia-77_small-1,77_small,su̯an21,s.w.a.n.²¹,s w a n ²¹,116,false,,tashatujia,Tasha_Tujia,nort2732,Northern Tujia,tji,Sino-Tibetan,,small,1246,SMALL,false,expert
duogutujia-77_small-1,77_small,suã53,s.u.ã.∼.⁵³,s u ã ⁵³,116,false,,duogutujia,Duogu_Tujia,nort2732,Northern Tujia,tji,Sino-Tibetan,,small,1246,SMALL,false,expert
dianfangtujia-77_small-1,77_small,suã55,s.u.ã.∼.⁵⁵,s u ã ⁵⁵,116,false,,dianfangtujia,Dianfang_Tujia,nort2732,Northern Tujia,tji,Sino-Tibetan,,small,1246,SMALL,false,expert
boluotujia-77_small-1,77_small,sa33,s.a.³³,s a ³³,116,false,,boluotujia,Boluo_Tujia,sout2739,Southern Tujia,tjs,Sino-Tibetan,,small,1246,SMALL,false,expert
tanxitujia-77_small-1,77_small,sa33,s.a.³³,s a ³³,116,false,,tanxitujia,Tanxi_Tujia,sout2739,Southern Tujia,tjs,Sino-Tibetan,,small,1246,SMALL,false,expert
duogutujia-78_smoke-1,78_smoke,kʰe53-kʰa21,kʰ.e.⁵³.kʰ.a.²¹,kʰ e ⁵³ + kʰ a ²¹,117,false,,duogutujia,Duogu_Tujia,nort2732,Northern Tujia,tji,Sino-Tibetan,,smoke,778,SMOKE (EXHAUST),false,expert
dianfangtujia-78_smoke-1,78_smoke,kʰɨe55-kʰa21,kʰ.ɨ.e.⁵⁵.kʰ.a.²¹,kʰ ɨ e ⁵⁵ + kʰ a ²¹,117,false,,dianfangtujia,Dianfang_Tujia,nort2732,Northern Tujia,tji,Sino-Tibetan,,smoke,778,SMOKE (EXHAUST),false,expert
boluotujia-78_smoke-1,78_smoke,kʰɨe53-sa21,kʰ.ɨ.e.⁵³.s.a.²¹,kʰ ɨ e ⁵³ + s a ²¹,117,false,,boluotujia,Boluo_Tujia,sout2739,Southern Tujia,tjs,Sino-Tibetan,,smoke,778,SMOKE (EXHAUST),false,expert
tanxitujia-78_smoke-1,78_smoke,kɨe55-sa21,k.ɨ.e.⁵⁵.s.a.²¹,k ɨ e ⁵⁵ + s a ²¹,117,false,,tanxitujia,Tanxi_Tujia,sout2739,Southern Tujia,tjs,Sino-Tibetan,,smoke,778,SMOKE (EXHAUST),false,expert
tashatujia-106_snake-1,106_snake,wɔ21,w.ɔ.²¹,w ɔ ²¹,160,false,,tashatujia,Tasha_Tujia,nort2732,Northern Tujia,tji,Sino-Tibetan,,snake,730,SNAKE,false,expert
duogutujia-106_snake-1,106_snake,uo53,u.o.⁵³,u o ⁵³,160,false,,duogutujia,Duogu_Tujia,nort2732,Northern Tujia,tji,Sino-Tibetan,,snake,730,SNAKE,false,expert
dianfangtujia-106_snake-1,106_snake,wo55,w.o.⁵⁵,w o ⁵⁵,160,false,,dianfangtujia,Dianfang_Tujia,nort2732,Northern Tujia,tji,Sino-Tibetan,,snake,730,SNAKE,false,expert
boluotujia-106_snake-1,106_snake,tɨy53-pɨe45-nũ33,t.ɨ.j.⁵³.p.ɨ.e.⁴⁵.n.ũ.∼.³³,t ɨ j ⁵³ + p ɨ e ⁴⁵ + n ũ ³³,161,false,,boluotujia,Boluo_Tujia,sout2739,Southern Tujia,tjs,Sino-Tibetan,,snake,730,SNAKE,false,expert
tanxitujia-106_snake-1,106_snake,tei33-pʰɨe35,t.e.i.³³.pʰ.ɨ.e.³⁵,t e i ³³ + pʰ ɨ e ³⁵,161,false,,tanxitujia,Tanxi_Tujia,sout2739,Southern Tujia,tjs,Sino-Tibetan,,snake,730,SNAKE,false,expert
tashatujia-79_stand-1,79_stand,cu55-cu21,ts.u.⁵⁵.ts.u.²¹,ts u ⁵⁵ + ts u ²¹,118,false,,tashatujia,Tasha_Tujia,nort2732,Northern Tujia,tji,Sino-Tibetan,,stand,1442,STAND,false,expert
duogutujia-79_stand-1,79_stand,cu53-cu53,ts.u.⁵³.ts.u.⁵³,ts u ⁵³ + ts u ⁵³,118,false,,duogutujia,Duogu_Tujia,nort2732,Northern Tujia,tji,Sino-Tibetan,,stand,1442,STAND,false,expert
dianfangtujia-79_stand-1,79_stand,cu55-cu55,ts.u.⁵⁵.ts.u.⁵⁵,ts u ⁵⁵ + ts u ⁵⁵,118,false,,dianfangtujia,Dianfang_Tujia,nort2732,Northern Tujia,tji,Sino-Tibetan,,stand,1442,STAND,false,expert
boluotujia-79_stand-1,79_stand,du33,d.u.³³,d u ³³,119,false,,boluotujia,Boluo_Tujia,sout2739,Southern Tujia,tjs,Sino-Tibetan,,stand,1442,STAND,false,expert
tanxitujia-79_stand-1,79_stand,du33,d.u.³³,d u ³³,119,false,,tanxitujia,Tanxi_Tujia,sout2739,Southern Tujia,tjs,Sino-Tibetan,,stand,1442,STAND,false,expert
tashatujia-80_star-1,80_star,ʆi21-pu24-li55,ɕ.i.²¹.p.u.²⁴.l.i.⁵⁵,ɕ i ²¹ + p u ²⁴ + l i ⁵⁵,120,false,,tashatujia,Tasha_Tujia,nort2732,Northern Tujia,tji,Sino-Tibetan,,star,1430,STAR,false,expert
duogutujia-80_star-1,80_star,si53-zi21,s.i.⁵³.z.i.²¹,s i ⁵³ + z i ²¹,120,false,,duogutujia,Duogu_Tujia,nort2732,Northern Tujia,tji,Sino-Tibetan,,star,1430,STAR,false,expert
dianfangtujia-80_star-1,80_star,si51-zi21,s.i.⁵¹.z.i.²¹,s i ⁵¹ + z i ²¹,120,false,,dianfangtujia,Dianfang_Tujia,nort2732,Northern Tujia,tji,Sino-Tibetan,,star,1430,STAR,false,expert
boluotujia-80_star-1,80_star,tʰiæ̃33=sẽ33-ci53,tʰ.i.æ̃.∼.³³.s.ẽ.∼.³³.ts.i.⁵³,tʰ i æ̃ ³³ + s ẽ ³³ + ts i ⁵³,-177,true,,boluotujia,Boluo_Tujia,sout2739,Southern Tujia,tjs,Sino-Tibetan,,star,1430,STAR,false,expert
tanxitujia-80_star-1,80_star,ʆẽ33-ci33,ɕ.ẽ.∼.³³.ts.i.³³,ɕ ẽ ³³ + ts i ³³,-178,true,,tanxitujia,Tanxi_Tujia,sout2739,Southern Tujia,tjs,Sino-Tibetan,,star,1430,STAR,false,expert
tashatujia-81_stone-1,81_stone,a21-pa21,a.²¹.p.a.²¹,a ²¹ + p a ²¹,121,false,,tashatujia,Tasha_Tujia,nort2732,Northern Tujia,tji,Sino-Tibetan,,stone,857,STONE,false,expert
duogutujia-81_stone-1,81_stone,ɣa21-pa21,ɣ.a.²¹.p.a.²¹,ɣ a ²¹ + p a ²¹,121,false,,duogutujia,Duogu_Tujia,nort2732,Northern Tujia,tji,Sino-Tibetan,,stone,857,STONE,false,expert
dianfangtujia-81_stone-1,81_stone,a21-pa21,a.²¹.p.a.²¹,a ²¹ + p a ²¹,121,false,,dianfangtujia,Dianfang_Tujia,nort2732,Northern Tujia,tji,Sino-Tibetan,,stone,857,STONE,false,expert
boluotujia-81_stone-1,81_stone,loʉ13-koʉ21-doʉ13,l.o.ʉ.¹³.k.o.ʉ.²¹.d.o.ʉ.¹³,l o ʉ ¹³ + k o ʉ ²¹ + d o ʉ ¹³,122,false,,boluotujia,Boluo_Tujia,sout2739,Southern Tujia,tjs,Sino-Tibetan,,stone,857,STONE,false,expert
tanxitujia-81_stone-1,81_stone,lʉ35,l.ʉ.³⁵,l ʉ ³⁵,122,false,,tanxitujia,Tanxi_Tujia,sout2739,Southern Tujia,tjs,Sino-Tibetan,,stone,857,STONE,false,expert
tashatujia-82_sun-1,82_sun,law21,l.a.w.²¹,l a w ²¹,123,false,,tashatujia,Tasha_Tujia,nort2732,Northern Tujia,tji,Sino-Tibetan,,sun,1343,SUN,false,expert
duogutujia-82_sun-1,82_sun,naw21-cʰi21,n.a.w.²¹.tsʰ.i.²¹,n a w ²¹ + tsʰ i ²¹,123,false,,duogutujia,Duogu_Tujia,nort2732,Northern Tujia,tji,Sino-Tibetan,,sun,1343,SUN,false,expert
dianfangtujia-82_sun-1,82_sun,naw21 ~ naw21-cʰi21,n.a.w.²¹,n a w ²¹,123,false,,dianfangtujia,Dianfang_Tujia,nort2732,Northern Tujia,tji,Sino-Tibetan,,sun,1343,SUN,false,expert
boluotujia-82_sun-1,82_sun,no45-doʉ33,n.o.⁴⁵.d.o.ʉ.³³,n o ⁴⁵ + d o ʉ ³³,123,false,,boluotujia,Boluo_Tujia,sout2739,Southern Tujia,tjs,Sino-Tibetan,,sun,1343,SUN,false,expert
tanxitujia-82_sun-1,82_sun,lo35-yi33-dʉ13,l.o.³⁵.j.i.³³.d.ʉ.¹³,l o ³⁵ + j i ³³ + d ʉ ¹³,123,false,,tanxitujia,Tanxi_Tujia,sout2739,Southern Tujia,tjs,Sino-Tibetan,,sun,1343,SUN,false,expert
tashatujia-83_swim-1,83_swim,ɕi̯ɛ24-ta55-wu21,tɕ.j.ɛ.²⁴.t.a.⁵⁵.w.u.²¹,tɕ j ɛ ²⁴ + t a ⁵⁵ + w u ²¹,124,false,,tashatujia,Tasha_Tujia,nort2732,Northern Tujia,tji,Sino-Tibetan,,swim,1439,SWIM,false,expert
duogutujia-83_swim-1,83_swim,cʰe21-ɕʰiw21,tsʰ.e.²¹.tɕʰ.i.w.²¹,tsʰ e ²¹ + tɕʰ i w ²¹,125,false,,duogutujia,Duogu_Tujia,nort2732,Northern Tujia,tji,Sino-Tibetan,,swim,1439,SWIM,false,expert
tashatujia-84_tail-1,84_tail,li̯ɛ21-pʰɔŋ24,l.j.ɛ.²¹.pʰ.ɔ.ŋ.²⁴,l j ɛ ²¹ + pʰ ɔ ŋ ²⁴,126,false,,tashatujia,Tasha_Tujia,nort2732,Northern Tujia,tji,Sino-Tibetan,,tail,1220,TAIL,false,expert
duogutujia-84_tail-1,84_tail,nie21-pʰũ53,n.i.e.²¹.pʰ.ũ.∼.⁵³,n i e ²¹ + pʰ ũ ⁵³,126,false,,duogutujia,Duogu_Tujia,nort2732,Northern Tujia,tji,Sino-Tibetan,,tail,1220,TAIL,false,expert
dianfangtujia-84_tail-1,84_tail,le21-pʰũ35,l.e.²¹.pʰ.ũ.∼.³⁵,l e ²¹ + pʰ ũ ³⁵,126,false,,dianfangtujia,Dianfang_Tujia,nort2732,Northern Tujia,tji,Sino-Tibetan,,tail,1220,TAIL,false,expert
boluotujia-84_tail-1,84_tail,liã21-to53,l.i.ã.∼.²¹.t.o.⁵³,l i ã ²¹ + t o ⁵³,126,false,,boluotujia,Boluo_Tujia,sout2739,Southern Tujia,tjs,Sino-Tibetan,,tail,1220,TAIL,false,expert
tanxitujia-84_tail-1,84_tail,yiã21-tʉ55,j.i.ã.∼.²¹.t.ʉ.⁵⁵,j i ã ²¹ + t ʉ ⁵⁵,126,false,,tanxitujia,Tanxi_Tujia,sout2739,Southern Tujia,tjs,Sino-Tibetan,,tail,1220,TAIL,false,expert
tashatujia-85_that-1,85_that,ay55 ~ ay55-ti55,a.j.⁵⁵,a j ⁵⁵,127,false,,tashatujia,Tasha_Tujia,nort2732,Northern Tujia,tji,Sino-Tibetan,,that,78,THAT,false,expert
duogutujia-85_that-1,85_that,ay53-ti44,a.j.⁵³.t.i.⁴⁴,a j ⁵³ + t i ⁴⁴,127,false,,duogutujia,Duogu_Tujia,nort2732,Northern Tujia,tji,Sino-Tibetan,,that,78,THAT,false,expert
dianfangtujia-85_that-1,85_that,ay55 ~ aw55,a.j.⁵⁵,a j ⁵⁵,127,false,,dianfangtujia,Dianfang_Tujia,nort2732,Northern Tujia,tji,Sino-Tibetan,,that,78,THAT,false,expert
boluotujia-85_that-1,85_that,ta33-bu33,t.a.³³.b.u.³³,t a ³³ + b u ³³,128,false,,boluotujia,Boluo_Tujia,sout2739,Southern Tujia,tjs,Sino-Tibetan,,that,78,THAT,false,expert
tanxitujia-85_that-1,85_that,ta21,t.a.²¹,t a ²¹,128,false,,tanxitujia,Tanxi_Tujia,sout2739,Southern Tujia,tjs,Sino-Tibetan,,that,78,THAT,false,expert
tashatujia-107_thin-1,107_thin,sa21-sa21,s.a.²¹.s.a.²¹,s a ²¹ + s a ²¹,162,false,,tashatujia,Tasha_Tujia,nort2732,Northern Tujia,tji,Sino-Tibetan,,thin,2249,THIN (OF SHAPE OF OBJECT),false,expert
duogutujia-107_thin-1,107_thin,sa21-say44,s.a.²¹.s.a.j.⁴⁴,s a ²¹ + s a j ⁴⁴,162,false,,duogutujia,Duogu_Tujia,nort2732,Northern Tujia,tji,Sino-Tibetan,,thin,2249,THIN (OF SHAPE OF OBJECT),false,expert
dianfangtujia-107_thin-1,107_thin,sa21-sa31,s.a.²¹.s.a.³¹,s a ²¹ + s a ³¹,162,false,,dianfangtujia,Dianfang_Tujia,nort2732,Northern Tujia,tji,Sino-Tibetan,,thin,2249,THIN (OF SHAPE OF OBJECT),false,expert
boluotujia-107_thin-1,107_thin,so21-so53,s.o.²¹.s.o.⁵³,s o ²¹ + s o ⁵³,162,false,,boluotujia,Boluo_Tujia,sout2739,Southern Tujia,tjs,Sino-Tibetan,,thin,2249,THIN (OF SHAPE OF OBJECT),false,expert
tanxitujia-107_thin-1,107_thin,so21-so55,s.o.²¹.s.o.⁵⁵,s o ²¹ + s o ⁵⁵,162,false,,tanxitujia,Tanxi_Tujia,sout2739,Southern Tujia,tjs,Sino-Tibetan,,thin,2249,THIN (OF SHAPE OF OBJECT),false,expert
tashatujia-86_this-1,86_this,ɤŋ55 ~ ɤŋ55-ti55,ɤ.ŋ.⁵⁵,ɤ ŋ ⁵⁵,129,false,,tashatujia,Tasha_Tujia,nort2732,Northern Tujia,tji,Sino-Tibetan,,this,1214,THIS,false,expert
duogutujia-86_this-1,86_this,kay24-ti44,k.a.j.²⁴.t.i.⁴⁴,k a j ²⁴ + t i ⁴⁴,130,false,,duogutujia,Duogu_Tujia,nort2732,Northern Tujia,tji,Sino-Tibetan,,this,1214,THIS,false,expert
dianfangtujia-86_this-1,86_this,ũ55 ~ ẽ55,ũ.∼.⁵⁵,ũ ⁵⁵,129,false,,dianfangtujia,Dianfang_Tujia,nort2732,Northern Tujia,tji,Sino-Tibetan,,this,1214,THIS,false,expert
boluotujia-86_this-1,86_this,ʓia21-bu21,dʑ.i.a.²¹.b.u.²¹,dʑ i a ²¹ + b u ²¹,131,false,,boluotujia,Boluo_Tujia,sout2739,Southern Tujia,tjs,Sino-Tibetan,,this,1214,THIS,false,expert
tanxitujia-86_this-1,86_this,ʓia21,dʑ.i.a.²¹,dʑ i a ²¹,131,false,,tanxitujia,Tanxi_Tujia,sout2739,Southern Tujia,tjs,Sino-Tibetan,,this,1214,THIS,false,expert
tashatujia-86_this-2,86_this,kay24,k.a.j.²⁴,k a j ²⁴,130,false,,tashatujia,Tasha_Tujia,nort2732,Northern Tujia,tji,Sino-Tibetan,,this,1214,THIS,false,expert
dianfangtujia-86_this-2,86_this,kay35,k.a.j.³⁵,k a j ³⁵,130,false,,dianfangtujia,Dianfang_Tujia,nort2732,Northern Tujia,tji,Sino-Tibetan,,this,1214,THIS,false,expert
tashatujia-87_thou-1,87_thou,ni24,n.i.²⁴,n i ²⁴,132,false,,tashatujia,Tasha_Tujia,nort2732,Northern Tujia,tji,Sino-Tibetan,,thou,1215,THOU,false,expert
duogutujia-87_thou-1,87_thou,ni24,n.i.²⁴,n i ²⁴,132,false,,duogutujia,Duogu_Tujia,nort2732,Northern Tujia,tji,Sino-Tibetan,,thou,1215,THOU,false,expert
dianfangtujia-87_thou-1,87_thou,ni35,n.i.³⁵,n i ³⁵,132,false,,dianfangtujia,Dianfang_Tujia,nort2732,Northern Tujia,tji,Sino-Tibetan,,thou,1215,THOU,false,expert
boluotujia-87_thou-1,87_thou,ni33,n.i.³³,n i ³³,132,false,,boluotujia,Boluo_Tujia,sout2739,Southern Tujia,tjs,Sino-Tibetan,,thou,1215,THOU,false,expert
tanxitujia-87_thou-1,87_thou,ni33,n.i.³³,n i ³³,132,false,,tanxitujia,Tanxi_Tujia,sout2739,Southern Tujia,tjs,Sino-Tibetan,,thou,1215,THOU,false,expert
tashatujia-88_tongue-1,88_tongue,yi24=la55,j.i.²⁴.l.a.⁵⁵,j i ²⁴ + l a ⁵⁵,133,false,,tashatujia,Tasha_Tujia,nort2732,Northern Tujia,tji,Sino-Tibetan,,tongue,1205,TONGUE,false,expert
duogutujia-88_tongue-1,88_tongue,i24=la53,i.²⁴.l.a.⁵³,i ²⁴ + l a ⁵³,133,false,,duogutujia,Duogu_Tujia,nort2732,Northern Tujia,tji,Sino-Tibetan,,tongue,1205,TONGUE,false,expert
dianfangtujia-88_tongue-1,88_tongue,yi35=la55,j.i.³⁵.l.a.⁵⁵,j i ³⁵ + l a ⁵⁵,133,false,,dianfangtujia,Dianfang_Tujia,nort2732,Northern Tujia,tji,Sino-Tibetan,,tongue,1205,TONGUE,false,expert
boluotujia-88_tongue-1,88_tongue,ʒi21=la21,dz.i.²¹.l.a.²¹,dz i ²¹ + l a ²¹,133,false,,boluotujia,Boluo_Tujia,sout2739,Southern Tujia,tjs,Sino-Tibetan,,tongue,1205,TONGUE,false,expert
tanxitujia-88_tongue-1,88_tongue,ʒi21=la21,dz.i.²¹.l.a.²¹,dz i ²¹ + l a ²¹,133,false,,tanxitujia,Tanxi_Tujia,sout2739,Southern Tujia,tjs,Sino-Tibetan,,tongue,1205,TONGUE,false,expert
tashatujia-89_tooth-1,89_tooth,si55-si55,s.i.⁵⁵.s.i.⁵⁵,s i ⁵⁵ + s i ⁵⁵,134,false,,tashatujia,Tasha_Tujia,nort2732,Northern Tujia,tji,Sino-Tibetan,,tooth,1380,TOOTH,false,expert
duogutujia-89_tooth-1,89_tooth,si44-si44,s.i.⁴⁴.s.i.⁴⁴,s i ⁴⁴ + s i ⁴⁴,134,false,,duogutujia,Duogu_Tujia,nort2732,Northern Tujia,tji,Sino-Tibetan,,tooth,1380,TOOTH,false,expert
dianfangtujia-89_tooth-1,89_tooth,si55-si55,s.i.⁵⁵.s.i.⁵⁵,s i ⁵⁵ + s i ⁵⁵,134,false,,dianfangtujia,Dianfang_Tujia,nort2732,Northern Tujia,tji,Sino-Tibetan,,tooth,1380,TOOTH,false,expert
boluotujia-89_tooth-1,89_tooth,si33-ta13,s.i.³³.t.a.¹³,s i ³³ + t a ¹³,134,false,,boluotujia,Boluo_Tujia,sout2739,Southern Tujia,tjs,Sino-Tibetan,,tooth,1380,TOOTH,false,expert
tanxitujia-89_tooth-1,89_tooth,si33-ta35,s.i.³³.t.a.³⁵,s i ³³ + t a ³⁵,134,false,,tanxitujia,Tanxi_Tujia,sout2739,Southern Tujia,tjs,Sino-Tibetan,,tooth,1380,TOOTH,false,expert
tashatujia-90_tree-1,90_tree,kʰa21-mɔŋ21,kʰ.a.²¹.m.ɔ.ŋ.²¹,kʰ a ²¹ + m ɔ ŋ ²¹,135,false,,tashatujia,Tasha_Tujia,nort2732,Northern Tujia,tji,Sino-Tibetan,,tree,906,TREE,false,expert
duogutujia-90_tree-1,90_tree,kʰa21-mũ21,kʰ.a.²¹.m.ũ.∼.²¹,kʰ a ²¹ + m ũ ²¹,135,false,,duogutujia,Duogu_Tujia,nort2732,Northern Tujia,tji,Sino-Tibetan,,tree,906,TREE,false,expert
dianfangtujia-90_tree-1,90_tree,kʰa21-mũ21,kʰ.a.²¹.m.ũ.∼.²¹,kʰ a ²¹ + m ũ ²¹,135,false,,dianfangtujia,Dianfang_Tujia,nort2732,Northern Tujia,tji,Sino-Tibetan,,tree,906,TREE,false,expert
boluotujia-90_tree-1,90_tree,kʰo13-mũ21,kʰ.o.¹³.m.ũ.∼.²¹,kʰ o ¹³ + m ũ ²¹,135,false,,boluotujia,Boluo_Tujia,sout2739,Southern Tujia,tjs,Sino-Tibetan,,tree,906,TREE,false,expert
tanxitujia-90_tree-1,90_tree,kʰo35 ~ kʰo35-mõ21,kʰ.o.³⁵,kʰ o ³⁵,135,false,,tanxitujia,Tanxi_Tujia,sout2739,Southern Tujia,tjs,Sino-Tibetan,,tree,906,TREE,false,expert
tashatujia-91_two-1,91_two,ni̯ɛ55,n.j.ɛ.⁵⁵,n j ɛ ⁵⁵,136,false,,tashatujia,Tasha_Tujia,nort2732,Northern Tujia,tji,Sino-Tibetan,,two,1498,TWO,false,expert
duogutujia-91_two-1,91_two,nie53,n.i.e.⁵³,n i e ⁵³,136,false,,duogutujia,Duogu_Tujia,nort2732,Northern Tujia,tji,Sino-Tibetan,,two,1498,TWO,false,expert
dianfangtujia-91_two-1,91_two,ne55,n.e.⁵⁵,n e ⁵⁵,136,false,,dianfangtujia,Dianfang_Tujia,nort2732,Northern Tujia,tji,Sino-Tibetan,,two,1498,TWO,false,expert
boluotujia-91_two-1,91_two,nie53,n.i.e.⁵³,n i e ⁵³,136,false,,boluotujia,Boluo_Tujia,sout2739,Southern Tujia,tjs,Sino-Tibetan,,two,1498,TWO,false,expert
tanxitujia-91_two-1,91_two,le55,l.e.⁵⁵,l e ⁵⁵,136,false,,tanxitujia,Tanxi_Tujia,sout2739,Southern Tujia,tjs,Sino-Tibetan,,two,1498,TWO,false,expert
tashatujia-92_walkgo-1,92_walkgo,ɣi24,ɣ.i.²⁴,ɣ i ²⁴,137,false,,tashatujia,Tasha_Tujia,nort2732,Northern Tujia,tji,Sino-Tibetan,,walk(go),1443,WALK,false,expert
duogutujia-92_walkgo-1,92_walkgo,ɣɨ24,ɣ.ɨ.²⁴,ɣ ɨ ²⁴,137,false,,duogutujia,Duogu_Tujia,nort2732,Northern Tujia,tji,Sino-Tibetan,,walk(go),1443,WALK,false,expert
dianfangtujia-92_walkgo-1,92_walkgo,ɣɨ35,ɣ.ɨ.³⁵,ɣ ɨ ³⁵,137,false,,dianfangtujia,Dianfang_Tujia,nort2732,Northern Tujia,tji,Sino-Tibetan,,walk(go),1443,WALK,false,expert
boluotujia-92_walkgo-1,92_walkgo,ʒoʉ13,dz.o.ʉ.¹³,dz o ʉ ¹³,138,false,,boluotujia,Boluo_Tujia,sout2739,Southern Tujia,tjs,Sino-Tibetan,,walk(go),1443,WALK,false,expert
tanxitujia-92_walkgo-1,92_walkgo,ye21,j.e.²¹,j e ²¹,137,false,,tanxitujia,Tanxi_Tujia,sout2739,Southern Tujia,tjs,Sino-Tibetan,,walk(go),1443,WALK,false,expert
tashatujia-93_warm-1,93_warm,ki21,k.i.²¹,k i ²¹,139,false,,tashatujia,Tasha_Tujia,nort2732,Northern Tujia,tji,Sino-Tibetan,,warm,1232,WARM,false,expert
duogutujia-93_warm-1,93_warm,kɨ21,k.ɨ.²¹,k ɨ ²¹,139,false,,duogutujia,Duogu_Tujia,nort2732,Northern Tujia,tji,Sino-Tibetan,,warm,1232,WARM,false,expert
dianfangtujia-93_warm-1,93_warm,kɨ21,k.ɨ.²¹,k ɨ ²¹,139,false,,dianfangtujia,Dianfang_Tujia,nort2732,Northern Tujia,tji,Sino-Tibetan,,warm,1232,WARM,false,expert
boluotujia-93_warm-1,93_warm,si21-to21,s.i.²¹.t.o.²¹,s i ²¹ + t o ²¹,140,false,,boluotujia,Boluo_Tujia,sout2739,Southern Tujia,tjs,Sino-Tibetan,,warm,1232,WARM,false,expert
tanxitujia-93_warm-1,93_warm,si21-to13,s.i.²¹.t.o.¹³,s i ²¹ + t o ¹³,140,false,,tanxitujia,Tanxi_Tujia,sout2739,Southern Tujia,tjs,Sino-Tibetan,,warm,1232,WARM,false,expert
tashatujia-94_water-1,94_water,ɕʰɤ21,tɕʰ.ɤ.²¹,tɕʰ ɤ ²¹,141,false,,tashatujia,Tasha_Tujia,nort2732,Northern Tujia,tji,Sino-Tibetan,,water,948,WATER,false,expert
duogutujia-94_water-1,94_water,cʰe21,tsʰ.e.²¹,tsʰ e ²¹,141,false,,duogutujia,Duogu_Tujia,nort2732,Northern Tujia,tji,Sino-Tibetan,,water,948,WATER,false,expert
dianfangtujia-94_water-1,94_water,cʰe21,tsʰ.e.²¹,tsʰ e ²¹,141,false,,dianfangtujia,Dianfang_Tujia,nort2732,Northern Tujia,tji,Sino-Tibetan,,water,948,WATER,false,expert
boluotujia-94_water-1,94_water,cʰe13,tsʰ.e.¹³,tsʰ e ¹³,141,false,,boluotujia,Boluo_Tujia,sout2739,Southern Tujia,tjs,Sino-Tibetan,,water,948,WATER,false,expert
tanxitujia-94_water-1,94_water,cʰe35,tsʰ.e.³⁵,tsʰ e ³⁵,141,false,,tanxitujia,Tanxi_Tujia,sout2739,Southern Tujia,tjs,Sino-Tibetan,,water,948,WATER,false,expert
tashatujia-95_we-1,95_we,aŋ24 ~ aŋ24-ni55,a.ŋ.²⁴.n.i.⁵⁵,a ŋ ²⁴ + n i ⁵⁵,142,false,,tashatujia,Tasha_Tujia,nort2732,Northern Tujia,tji,Sino-Tibetan,,we,1212,WE,false,expert
duogutujia-95_we-1,95_we,ŋa24-ni44,ŋ.a.²⁴.n.i.⁴⁴,ŋ a ²⁴ + n i ⁴⁴,142,false,,duogutujia,Duogu_Tujia,nort2732,Northern Tujia,tji,Sino-Tibetan,,we,1212,WE,false,expert
dianfangtujia-95_we-1,95_we,ŋa35-ni35,ŋ.a.³⁵.n.i.³⁵,ŋ a ³⁵ + n i ³⁵,142,false,,dianfangtujia,Dianfang_Tujia,nort2732,Northern Tujia,tji,Sino-Tibetan,,we,1212,WE,false,expert
boluotujia-95_we-1,95_we,a33-ni33,a.³³.n.i.³³,a ³³ + n i ³³,142,false,,boluotujia,Boluo_Tujia,sout2739,Southern Tujia,tjs,Sino-Tibetan,,we,1212,WE,false,expert
tanxitujia-95_we-1,95_we,ʔa21-ni33,ʔ.a.²¹.n.i.³³,ʔ a ²¹ + n i ³³,142,false,,tanxitujia,Tanxi_Tujia,sout2739,Southern Tujia,tjs,Sino-Tibetan,,we,1212,WE,false,expert
tashatujia-96_what-1,96_what,ɕʰi̯ɛ21 ~ ɕʰi̯ɛ21-ʆi21,tɕʰ.j.ɛ.²¹,tɕʰ j ɛ ²¹,143,false,,tashatujia,Tasha_Tujia,nort2732,Northern Tujia,tji,Sino-Tibetan,,what,1236,WHAT,false,expert
duogutujia-96_what-1,96_what,nay53=ʆi21,n.a.j.⁵³.ɕ.i.²¹,n a j ⁵³ + ɕ i ²¹,144,false,,duogutujia,Duogu_Tujia,nort2732,Northern Tujia,tji,Sino-Tibetan,,what,1236,WHAT,false,expert
dianfangtujia-96_what-1,96_what,nay55=ʆi21 ~ na55=ʆi21,n.a.j.⁵⁵.ɕ.i.²¹,n a j ⁵⁵ + ɕ i ²¹,144,false,,dianfangtujia,Dianfang_Tujia,nort2732,Northern Tujia,tji,Sino-Tibetan,,what,1236,WHAT,false,expert
boluotujia-96_what-1,96_what,cʰu53-u33,tsʰ.u.⁵³.u.³³,tsʰ u ⁵³ + u ³³,145,false,,boluotujia,Boluo_Tujia,sout2739,Southern Tujia,tjs,Sino-Tibetan,,what,1236,WHAT,false,expert
tanxitujia-96_what-1,96_what,cʰu55-mo21,tsʰ.u.⁵⁵.m.o.²¹,tsʰ u ⁵⁵ + m o ²¹,145,false,,tanxitujia,Tanxi_Tujia,sout2739,Southern Tujia,tjs,Sino-Tibetan,,what,1236,WHAT,false,expert
tashatujia-97_white-1,97_white,a21=si21,a.²¹.s.i.²¹,a ²¹ + s i ²¹,146,false,,tashatujia,Tasha_Tujia,nort2732,Northern Tujia,tji,Sino-Tibetan,,white,1335,WHITE,false,expert
duogutujia-97_white-1,97_white,a21=si21,a.²¹.s.i.²¹,a ²¹ + s i ²¹,146,false,,duogutujia,Duogu_Tujia,nort2732,Northern Tujia,tji,Sino-Tibetan,,white,1335,WHITE,false,expert
dianfangtujia-97_white-1,97_white,a21=si21,a.²¹.s.i.²¹,a ²¹ + s i ²¹,146,false,,dianfangtujia,Dianfang_Tujia,nort2732,Northern Tujia,tji,Sino-Tibetan,,white,1335,WHITE,false,expert
boluotujia-97_white-1,97_white,si33,s.i.³³,s i ³³,146,false,,boluotujia,Boluo_Tujia,sout2739,Southern Tujia,tjs,Sino-Tibetan,,white,1335,WHITE,false,expert
tanxitujia-97_white-1,97_white,si33,s.i.³³,s i ³³,146,false,,tanxitujia,Tanxi_Tujia,sout2739,Southern Tujia,tjs,Sino-Tibetan,,white,1335,WHITE,false,expert
tashatujia-98_who-1,98_who,a21=sɤ21,a.²¹.s.ɤ.²¹,a ²¹ + s ɤ ²¹,147,false,,tashatujia,Tasha_Tujia,nort2732,Northern Tujia,tji,Sino-Tibetan,,who,1235,WHO,false,expert
duogutujia-98_who-1,98_who,a53=so21,a.⁵³.s.o.²¹,a ⁵³ + s o ²¹,147,false,,duogutujia,Duogu_Tujia,nort2732,Northern Tujia,tji,Sino-Tibetan,,who,1235,WHO,false,expert
dianfangtujia-98_who-1,98_who,a55=se21,a.⁵⁵.s.e.²¹,a ⁵⁵ + s e ²¹,147,false,,dianfangtujia,Dianfang_Tujia,nort2732,Northern Tujia,tji,Sino-Tibetan,,who,1235,WHO,false,expert
boluotujia-98_who-1,98_who,a33=si33-ŋe33,a.³³.s.i.³³.ŋ.e.³³,a ³³ + s i ³³ + ŋ e ³³,147,false,,boluotujia,Boluo_Tujia,sout2739,Southern Tujia,tjs,Sino-Tibetan,,who,1235,WHO,false,expert
tanxitujia-98_who-1,98_who,ʔa33=si33,ʔ.a.³³.s.i.³³,ʔ a ³³ + s i ³³,147,false,,tanxitujia,Tanxi_Tujia,sout2739,Southern Tujia,tjs,Sino-Tibetan,,who,1235,WHO,false,expert
tashatujia-108_wind-1,108_wind,zɤ24,z.ɤ.²⁴,z ɤ ²⁴,163,false,,tashatujia,Tasha_Tujia,nort2732,Northern Tujia,tji,Sino-Tibetan,,wind,960,WIND,false,expert
duogutujia-108_wind-1,108_wind,ze24-su53,z.e.²⁴.s.u.⁵³,z e ²⁴ + s u ⁵³,163,false,,duogutujia,Duogu_Tujia,nort2732,Northern Tujia,tji,Sino-Tibetan,,wind,960,WIND,false,expert
dianfangtujia-108_wind-1,108_wind,ze35-su55,z.e.³⁵.s.u.⁵⁵,z e ³⁵ + s u ⁵⁵,163,false,,dianfangtujia,Dianfang_Tujia,nort2732,Northern Tujia,tji,Sino-Tibetan,,wind,960,WIND,false,expert
boluotujia-108_wind-1,108_wind,ze21-ŋey45,z.e.²¹.ŋ.e.j.⁴⁵,z e ²¹ + ŋ e j ⁴⁵,163,false,,boluotujia,Boluo_Tujia,sout2739,Southern Tujia,tjs,Sino-Tibetan,,wind,960,WIND,false,expert
tanxitujia-108_wind-1,108_wind,ze21-ŋɨ21 ~ ze21-lĩ21,z.e.²¹.ŋ.ɨ.²¹,z e ²¹ + ŋ ɨ ²¹,163,false,,tanxitujia,Tanxi_Tujia,sout2739,Southern Tujia,tjs,Sino-Tibetan,,wind,960,WIND,false,expert
tashatujia-99_woman-1,99_woman,ma21-ma55,m.a.²¹.m.a.⁵⁵,m a ²¹ + m a ⁵⁵,148,false,,tashatujia,Tasha_Tujia,nort2732,Northern Tujia,tji,Sino-Tibetan,,woman,962,WOMAN,false,expert
duogutujia-99_woman-1,99_woman,ma21-ma21-ce44,m.a.²¹.m.a.²¹.ts.e.⁴⁴,m a ²¹ + m a ²¹ + ts e ⁴⁴,148,false,,duogutujia,Duogu_Tujia,nort2732,Northern Tujia,tji,Sino-Tibetan,,woman,962,WOMAN,false,expert
dianfangtujia-99_woman-1,99_woman,ma21-ma21-te55,m.a.²¹.m.a.²¹.t.e.⁵⁵,m a ²¹ + m a ²¹ + t e ⁵⁵,148,false,,dianfangtujia,Dianfang_Tujia,nort2732,Northern Tujia,tji,Sino-Tibetan,,woman,962,WOMAN,false,expert
boluotujia-99_woman-1,99_woman,a13=io53-bie21,a.¹³.i.o.⁵³.b.i.e.²¹,a ¹³ + i o ⁵³ + b i e ²¹,149,false,,boluotujia,Boluo_Tujia,sout2739,Southern Tujia,tjs,Sino-Tibetan,,woman,962,WOMAN,false,expert
tanxitujia-99_woman-1,99_woman,ʔa21=yio55-be21-ŋɨ21,ʔ.a.²¹.j.i.o.⁵⁵.b.e.²¹.ŋ.ɨ.²¹,ʔ a ²¹ + j i o ⁵⁵ + b e ²¹ + ŋ ɨ ²¹,149,false,,tanxitujia,Tanxi_Tujia,sout2739,Southern Tujia,tjs,Sino-Tibetan,,woman,962,WOMAN,false,expert
tashatujia-109_worm-1,109_worm,kʰu̯ay55-ɕʰi55-la55,kʰ.w.a.j.⁵⁵.tɕʰ.i.⁵⁵.l.a.⁵⁵,kʰ w a j ⁵⁵ + tɕʰ i ⁵⁵ + l a ⁵⁵,164,false,,tashatujia,Tasha_Tujia,nort2732,Northern Tujia,tji,Sino-Tibetan,,worm,1219,WORM,false,expert
duogutujia-109_worm-1,109_worm,kʰuay24-ɕʰi21-la21,kʰ.u.a.j.²⁴.tɕʰ.i.²¹.l.a.²¹,kʰ u a j ²⁴ + tɕʰ i ²¹ + l a ²¹,164,false,,duogutujia,Duogu_Tujia,nort2732,Northern Tujia,tji,Sino-Tibetan,,worm,1219,WORM,false,expert
dianfangtujia-109_worm-1,109_worm,kʰuay35-ɕʰi55-la55 ~ kʰo35-ɕʰi55-la21,kʰ.u.a.j.³⁵.tɕʰ.i.⁵⁵.l.a.⁵⁵,kʰ u a j ³⁵ + tɕʰ i ⁵⁵ + l a ⁵⁵,164,false,,dianfangtujia,Dianfang_Tujia,nort2732,Northern Tujia,tji,Sino-Tibetan,,worm,1219,WORM,false,expert
boluotujia-109_worm-1,109_worm,ka53-doʉ13-se21,k.a.⁵³.d.o.ʉ.¹³.s.e.²¹,k a ⁵³ + d o ʉ ¹³ + s e ²¹,165,false,,boluotujia,Boluo_Tujia,sout2739,Southern Tujia,tjs,Sino-Tibetan,,worm,1219,WORM,false,expert
tanxitujia-109_worm-1,109_worm,ka21-dʉ35-se21,k.a.²¹.d.ʉ.³⁵.s.e.²¹,k a ²¹ + d ʉ ³⁵ + s e ²¹,165,false,,tanxitujia,Tanxi_Tujia,sout2739,Southern Tujia,tjs,Sino-Tibetan,,worm,1219,WORM,false,expert
tashatujia-110_year-1,110_year,lɔŋ55,l.ɔ.ŋ.⁵⁵,l ɔ ŋ ⁵⁵,166,false,,tashatujia,Tasha_Tujia,nort2732,Northern Tujia,tji,Sino-Tibetan,,year,1226,YEAR,false,expert
dianfangtujia-110_year-1,110_year,nũ21,n.ũ.∼.²¹,n ũ ²¹,166,false,,dianfangtujia,Dianfang_Tujia,nort2732,Northern Tujia,tji,Sino-Tibetan,,year,1226,YEAR,false,expert
tanxitujia-110_year-1,110_year,niʉ35,n.i.ʉ.³⁵,n i ʉ ³⁵,166,false,,tanxitujia,Tanxi_Tujia,sout2739,Southern Tujia,tjs,Sino-Tibetan,,year,1226,YEAR,false,expert
tashatujia-100_yellow-1,100_yellow,wan21-ka55-la55,w.a.n.²¹.k.a.⁵⁵.l.a.⁵⁵,w a n ²¹ + k a ⁵⁵ + l a ⁵⁵,150,false,,tashatujia,Tasha_Tujia,nort2732,Northern Tujia,tji,Sino-Tibetan,,yellow,1424,YELLOW,false,expert
duogutujia-100_yellow-1,100_yellow,uã21-ka53-lie44,u.ã.∼.²¹.k.a.⁵³.l.i.e.⁴⁴,u ã ²¹ + k a ⁵³ + l i e ⁴⁴,150,false,,duogutujia,Duogu_Tujia,nort2732,Northern Tujia,tji,Sino-Tibetan,,yellow,1424,YELLOW,false,expert
dianfangtujia-100_yellow-1,100_yellow,wã21-ka55-la55 ~ wã21-ka55-ka55,w.ã.∼.²¹.k.a.⁵⁵.l.a.⁵⁵,w ã ²¹ + k a ⁵⁵ + l a ⁵⁵,150,false,,dianfangtujia,Dianfang_Tujia,nort2732,Northern Tujia,tji,Sino-Tibetan,,yellow,1424,YELLOW,false,expert
boluotujia-100_yellow-1,100_yellow,xoʉ33,x.o.ʉ.³³,x o ʉ ³³,151,false,,boluotujia,Boluo_Tujia,sout2739,Southern Tujia,tjs,Sino-Tibetan,,yellow,1424,YELLOW,false,expert
tanxitujia-100_yellow-1,100_yellow,ħʉ33,ħ.ʉ.³³,ħ ʉ ³³,151,false,,tanxitujia,Tanxi_Tujia,sout2739,Southern Tujia,tjs,Sino-Tibetan,,yellow,1424,YELLOW,false,expert
